period;species;site;year;season;MeanWin_SST
198001-198012;atpu;anda;1980;Win;-0.720060684
198101-198112;atpu;anda;1981;Win;-1.505431837
198201-198212;atpu;anda;1982;Win;-0.168699418
198301-198312;atpu;anda;1983;Win;0.024042662
198401-198412;atpu;anda;1984;Win;0.988205888
198501-198512;atpu;anda;1985;Win;-0.037104697
198601-198612;atpu;anda;1986;Win;1.022747401
198701-198712;atpu;anda;1987;Win;-0.700311243
198801-198812;atpu;anda;1988;Win;-1.687617392
198901-198912;atpu;anda;1989;Win;-1.652100048
199001-199012;atpu;anda;1990;Win;0.692191959
199101-199112;atpu;anda;1991;Win;0.572466931
199201-199212;atpu;anda;1992;Win;0.544415978
199301-199312;atpu;anda;1993;Win;1.338252012
199401-199412;atpu;anda;1994;Win;-0.020523236
199501-199512;atpu;anda;1995;Win;-0.975854638
199601-199612;atpu;anda;1996;Win;-1.579968189
199701-199712;atpu;anda;1997;Win;0.396972583
199801-199812;atpu;anda;1998;Win;0.968888444
199901-199912;atpu;anda;1999;Win;0.710373491
200001-200012;atpu;anda;2000;Win;1.062408922
200101-200112;atpu;anda;2001;Win;0.984910721
200201-200212;atpu;anda;2002;Win;2.563575169
200301-200312;atpu;anda;2003;Win;1.899654841
200401-200412;atpu;anda;2004;Win;1.886828321
200501-200512;atpu;anda;2005;Win;0.883775832
200601-200612;atpu;anda;2006;Win;1.623762777
200701-200712;atpu;anda;2007;Win;0.71696675
200801-200812;atpu;anda;2008;Win;1.747187193
200901-200912;atpu;anda;2009;Win;1.649394619
201001-201012;atpu;anda;2010;Win;1.726468499
201101-201112;atpu;anda;2011;Win;1.63356495
201201-201212;atpu;anda;2012;Win;1.501499491
201301-201312;atpu;anda;2013;Win;1.220136558
201401-201412;atpu;anda;2014;Win;2.651709569
201501-201512;atpu;anda;2015;Win;2.376767754
201601-201612;atpu;anda;2016;Win;1.433932111
201701-201712;atpu;anda;2017;Win;0.921316108
201801-201812;atpu;anda;2018;Win;1.527677726
201901-201912;atpu;anda;2019;Win;1.746775297
202001-202012;atpu;anda;2020;Win;2.83252494
202101-202112;atpu;anda;2021;Win;2.416530879
202201-202212;atpu;anda;2022;Win;2.780857767
202301-202312;atpu;anda;2023;Win;2.255980276
202401-202412;atpu;anda;2024;Win;1.399916524
202501-202512;atpu;anda;2025;Win;1.720267765
202601-202612;atpu;anda;2026;Win;2.485528747
202701-202712;atpu;anda;2027;Win;2.555636578
202801-202812;atpu;anda;2028;Win;2.506384862
202901-202912;atpu;anda;2029;Win;2.859077426
203001-203012;atpu;anda;2030;Win;2.177852717
203101-203112;atpu;anda;2031;Win;2.05306762
203201-203212;atpu;anda;2032;Win;1.630958347
203301-203312;atpu;anda;2033;Win;2.383179003
203401-203412;atpu;anda;2034;Win;2.556265935
203501-203512;atpu;anda;2035;Win;2.288985676
203601-203612;atpu;anda;2036;Win;2.480617793
203701-203712;atpu;anda;2037;Win;2.410144847
203801-203812;atpu;anda;2038;Win;3.436006941
203901-203912;atpu;anda;2039;Win;3.025166147
204001-204012;atpu;anda;2040;Win;2.794915589
204101-204112;atpu;anda;2041;Win;2.280982396
204201-204212;atpu;anda;2042;Win;2.498497073
204301-204312;atpu;anda;2043;Win;2.45105631
204401-204412;atpu;anda;2044;Win;2.730853162
204501-204512;atpu;anda;2045;Win;2.944114384
204601-204612;atpu;anda;2046;Win;3.177445938
204701-204712;atpu;anda;2047;Win;2.885254199
204801-204812;atpu;anda;2048;Win;2.803190055
204901-204912;atpu;anda;2049;Win;2.921778075
205001-205012;atpu;anda;2050;Win;3.857815058
198001-198012;atpu;hjel;1980;Win;-1.089619838
198101-198112;atpu;hjel;1981;Win;-0.794137486
198201-198212;atpu;hjel;1982;Win;1.479545201
198301-198312;atpu;hjel;1983;Win;0.553442732
198401-198412;atpu;hjel;1984;Win;2.461055385
198501-198512;atpu;hjel;1985;Win;1.666413574
198601-198612;atpu;hjel;1986;Win;1.288526786
198701-198712;atpu;hjel;1987;Win;1.042665667
198801-198812;atpu;hjel;1988;Win;-2.751402414
198901-198912;atpu;hjel;1989;Win;-0.304253278
199001-199012;atpu;hjel;1990;Win;1.650240304
199101-199112;atpu;hjel;1991;Win;1.004601353
199201-199212;atpu;hjel;1992;Win;1.409831892
199301-199312;atpu;hjel;1993;Win;1.180420968
199401-199412;atpu;hjel;1994;Win;1.071474609
199501-199512;atpu;hjel;1995;Win;0.061052944
199601-199612;atpu;hjel;1996;Win;1.218532715
199701-199712;atpu;hjel;1997;Win;1.015790318
199801-199812;atpu;hjel;1998;Win;0.862199707
199901-199912;atpu;hjel;1999;Win;2.362527902
200001-200012;atpu;hjel;2000;Win;2.763481097
200101-200112;atpu;hjel;2001;Win;1.869090751
200201-200212;atpu;hjel;2002;Win;1.065391323
200301-200312;atpu;hjel;2003;Win;0.445574428
200401-200412;atpu;hjel;2004;Win;2.104383719
200501-200512;atpu;hjel;2005;Win;2.928370187
200601-200612;atpu;hjel;2006;Win;2.659634487
200701-200712;atpu;hjel;2007;Win;3.50543736
200801-200812;atpu;hjel;2008;Win;2.7912357
200901-200912;atpu;hjel;2009;Win;2.872200753
201001-201012;atpu;hjel;2010;Win;2.463570033
201101-201112;atpu;hjel;2011;Win;3.117665318
201201-201212;atpu;hjel;2012;Win;3.83106236
201301-201312;atpu;hjel;2013;Win;3.397458845
201401-201412;atpu;hjel;2014;Win;2.218490862
201501-201512;atpu;hjel;2015;Win;4.304480678
201601-201612;atpu;hjel;2016;Win;2.41138916
201701-201712;atpu;hjel;2017;Win;2.830688128
201801-201812;atpu;hjel;2018;Win;3.259223982
201901-201912;atpu;hjel;2019;Win;3.098948103
202001-202012;atpu;hjel;2020;Win;4.23885498
202101-202112;atpu;hjel;2021;Win;3.674972098
202201-202212;atpu;hjel;2022;Win;3.691172573
202301-202312;atpu;hjel;2023;Win;3.549989537
202401-202412;atpu;hjel;2024;Win;2.755295759
202501-202512;atpu;hjel;2025;Win;3.793063965
202601-202612;atpu;hjel;2026;Win;4.378235561
202701-202712;atpu;hjel;2027;Win;4.203659668
202801-202812;atpu;hjel;2028;Win;4.348575265
202901-202912;atpu;hjel;2029;Win;3.688948103
203001-203012;atpu;hjel;2030;Win;3.716659459
203101-203112;atpu;hjel;2031;Win;3.54369315
203201-203212;atpu;hjel;2032;Win;3.426198382
203301-203312;atpu;hjel;2033;Win;3.442574637
203401-203412;atpu;hjel;2034;Win;3.413183594
203501-203512;atpu;hjel;2035;Win;4.360531529
203601-203612;atpu;hjel;2036;Win;4.651752232
203701-203712;atpu;hjel;2037;Win;3.869179339
203801-203812;atpu;hjel;2038;Win;3.787444196
203901-203912;atpu;hjel;2039;Win;3.331010742
204001-204012;atpu;hjel;2040;Win;3.949915597
204101-204112;atpu;hjel;2041;Win;4.701253836
204201-204212;atpu;hjel;2042;Win;4.465899135
204301-204312;atpu;hjel;2043;Win;5.266686314
204401-204412;atpu;hjel;2044;Win;4.48242606
204501-204512;atpu;hjel;2045;Win;4.508738491
204601-204612;atpu;hjel;2046;Win;4.208666992
204701-204712;atpu;hjel;2047;Win;4.782975725
204801-204812;atpu;hjel;2048;Win;5.570511998
204901-204912;atpu;hjel;2049;Win;5.137380022
205001-205012;atpu;hjel;2050;Win;4.25206264
198001-198012;atpu;horn;1980;Win;1.276418507
198101-198112;atpu;horn;1981;Win;1.214022142
198201-198212;atpu;horn;1982;Win;1.833092514
198301-198312;atpu;horn;1983;Win;1.967614995
198401-198412;atpu;horn;1984;Win;2.577162388
198501-198512;atpu;horn;1985;Win;1.918905951
198601-198612;atpu;horn;1986;Win;2.116177057
198701-198712;atpu;horn;1987;Win;2.001110092
198801-198812;atpu;horn;1988;Win;0.855069655
198901-198912;atpu;horn;1989;Win;2.075654695
199001-199012;atpu;horn;1990;Win;2.441453085
199101-199112;atpu;horn;1991;Win;2.420248226
199201-199212;atpu;horn;1992;Win;2.822901387
199301-199312;atpu;horn;1993;Win;1.960479114
199401-199412;atpu;horn;1994;Win;2.147632334
199501-199512;atpu;horn;1995;Win;2.353823541
199601-199612;atpu;horn;1996;Win;2.158609196
199701-199712;atpu;horn;1997;Win;2.149121094
199801-199812;atpu;horn;1998;Win;0.46052545
199901-199912;atpu;horn;1999;Win;3.133771624
200001-200012;atpu;horn;2000;Win;3.612370456
200101-200112;atpu;horn;2001;Win;2.564226423
200201-200212;atpu;horn;2002;Win;2.719857103
200301-200312;atpu;horn;2003;Win;2.274357262
200401-200412;atpu;horn;2004;Win;2.670215342
200501-200512;atpu;horn;2005;Win;3.435016243
200601-200612;atpu;horn;2006;Win;3.04583516
200701-200712;atpu;horn;2007;Win;4.006873804
200801-200812;atpu;horn;2008;Win;3.547137077
200901-200912;atpu;horn;2009;Win;3.232384008
201001-201012;atpu;horn;2010;Win;3.107479173
201101-201112;atpu;horn;2011;Win;3.721123147
201201-201212;atpu;horn;2012;Win;4.150657187
201301-201312;atpu;horn;2013;Win;3.79766771
201401-201412;atpu;horn;2014;Win;2.968342933
201501-201512;atpu;horn;2015;Win;4.49311922
201601-201612;atpu;horn;2016;Win;3.121838628
201701-201712;atpu;horn;2017;Win;3.410159738
201801-201812;atpu;horn;2018;Win;3.645042451
201901-201912;atpu;horn;2019;Win;3.728272481
202001-202012;atpu;horn;2020;Win;4.496236747
202101-202112;atpu;horn;2021;Win;3.937128308
202201-202212;atpu;horn;2022;Win;4.096331413
202301-202312;atpu;horn;2023;Win;4.049549087
202401-202412;atpu;horn;2024;Win;3.394570113
202501-202512;atpu;horn;2025;Win;4.387976822
202601-202612;atpu;horn;2026;Win;4.707330696
202701-202712;atpu;horn;2027;Win;4.648883929
202801-202812;atpu;horn;2028;Win;4.948519711
202901-202912;atpu;horn;2029;Win;3.928127491
203001-203012;atpu;horn;2030;Win;4.241835738
203101-203112;atpu;horn;2031;Win;4.274257613
203201-203212;atpu;horn;2032;Win;3.888606605
203301-203312;atpu;horn;2033;Win;3.975111607
203401-203412;atpu;horn;2034;Win;3.257662528
203501-203512;atpu;horn;2035;Win;4.851133012
203601-203612;atpu;horn;2036;Win;5.341021106
203701-203712;atpu;horn;2037;Win;4.278113042
203801-203812;atpu;horn;2038;Win;4.407875777
203901-203912;atpu;horn;2039;Win;3.901902304
204001-204012;atpu;horn;2040;Win;4.301554528
204101-204112;atpu;horn;2041;Win;5.126160914
204201-204212;atpu;horn;2042;Win;4.817340462
204301-204312;atpu;horn;2043;Win;5.750220723
204401-204412;atpu;horn;2044;Win;5.136547353
204501-204512;atpu;horn;2045;Win;4.862135284
204601-204612;atpu;horn;2046;Win;4.79269023
204701-204712;atpu;horn;2047;Win;5.354560945
204801-204812;atpu;horn;2048;Win;5.919414162
204901-204912;atpu;horn;2049;Win;5.591903998
205001-205012;atpu;horn;2050;Win;4.743335459
198001-198012;atpu;rost;1980;Win;1.333767685
198101-198112;atpu;rost;1981;Win;0.529317645
198201-198212;atpu;rost;1982;Win;1.53512388
198301-198312;atpu;rost;1983;Win;1.757714236
198401-198412;atpu;rost;1984;Win;2.410635847
198501-198512;atpu;rost;1985;Win;1.89438926
198601-198612;atpu;rost;1986;Win;2.335675869
198701-198712;atpu;rost;1987;Win;1.448038858
198801-198812;atpu;rost;1988;Win;0.696280682
198901-198912;atpu;rost;1989;Win;0.48633432
199001-199012;atpu;rost;1990;Win;2.219739741
199101-199112;atpu;rost;1991;Win;2.204935224
199201-199212;atpu;rost;1992;Win;1.9977318
199301-199312;atpu;rost;1993;Win;2.690870112
199401-199412;atpu;rost;1994;Win;1.719516857
199501-199512;atpu;rost;1995;Win;1.06108113
199601-199612;atpu;rost;1996;Win;0.816040464
199701-199712;atpu;rost;1997;Win;2.438477291
199801-199812;atpu;rost;1998;Win;2.669418836
199901-199912;atpu;rost;1999;Win;2.473843976
200001-200012;atpu;rost;2000;Win;2.715208868
200101-200112;atpu;rost;2001;Win;2.73251279
200201-200212;atpu;rost;2002;Win;4.006711863
200301-200312;atpu;rost;2003;Win;3.507696928
200401-200412;atpu;rost;2004;Win;3.504522796
200501-200512;atpu;rost;2005;Win;2.638942859
200601-200612;atpu;rost;2006;Win;3.26244856
200701-200712;atpu;rost;2007;Win;2.620204762
200801-200812;atpu;rost;2008;Win;3.219407236
200901-200912;atpu;rost;2009;Win;3.241365013
201001-201012;atpu;rost;2010;Win;3.56267685
201101-201112;atpu;rost;2011;Win;3.183750862
201201-201212;atpu;rost;2012;Win;3.203288793
201301-201312;atpu;rost;2013;Win;2.945997065
201401-201412;atpu;rost;2014;Win;4.033047167
201501-201512;atpu;rost;2015;Win;3.633996582
201601-201612;atpu;rost;2016;Win;3.218647789
201701-201712;atpu;rost;2017;Win;2.615062323
201801-201812;atpu;rost;2018;Win;3.067320381
201901-201912;atpu;rost;2019;Win;3.289860026
202001-202012;atpu;rost;2020;Win;4.008775823
202101-202112;atpu;rost;2021;Win;3.917387064
202201-202212;atpu;rost;2022;Win;3.940376062
202301-202312;atpu;rost;2023;Win;3.729693027
202401-202412;atpu;rost;2024;Win;3.175726106
202501-202512;atpu;rost;2025;Win;3.170937427
202601-202612;atpu;rost;2026;Win;3.87424948
202701-202712;atpu;rost;2027;Win;3.944711987
202801-202812;atpu;rost;2028;Win;3.772579485
202901-202912;atpu;rost;2029;Win;4.070934816
203001-203012;atpu;rost;2030;Win;3.547795811
203101-203112;atpu;rost;2031;Win;3.454747867
203201-203212;atpu;rost;2032;Win;3.256486853
203301-203312;atpu;rost;2033;Win;3.955834354
203401-203412;atpu;rost;2034;Win;3.91101724
203501-203512;atpu;rost;2035;Win;3.657789665
203601-203612;atpu;rost;2036;Win;3.731029727
203701-203712;atpu;rost;2037;Win;3.778076901
203801-203812;atpu;rost;2038;Win;4.585469685
203901-203912;atpu;rost;2039;Win;4.284985412
204001-204012;atpu;rost;2040;Win;4.10417772
204101-204112;atpu;rost;2041;Win;3.545850277
204201-204212;atpu;rost;2042;Win;3.781845594
204301-204312;atpu;rost;2043;Win;3.701526668
204401-204412;atpu;rost;2044;Win;3.790870902
204501-204512;atpu;rost;2045;Win;4.012091156
204601-204612;atpu;rost;2046;Win;4.428790921
204701-204712;atpu;rost;2047;Win;4.036805232
204801-204812;atpu;rost;2048;Win;4.035839904
204901-204912;atpu;rost;2049;Win;4.047836805
205001-205012;atpu;rost;2050;Win;4.77203108
198001-198012;atpu;rund;1980;Win;6.681291438
198101-198112;atpu;rund;1981;Win;6.003399059
198201-198212;atpu;rund;1982;Win;6.526371214
198301-198312;atpu;rund;1983;Win;6.485405029
198401-198412;atpu;rund;1984;Win;6.702378256
198501-198512;atpu;rund;1985;Win;6.82093172
198601-198612;atpu;rund;1986;Win;6.469795829
198701-198712;atpu;rund;1987;Win;6.821329532
198801-198812;atpu;rund;1988;Win;6.638767391
198901-198912;atpu;rund;1989;Win;6.498276948
199001-199012;atpu;rund;1990;Win;6.99960647
199101-199112;atpu;rund;1991;Win;6.641954471
199201-199212;atpu;rund;1992;Win;6.454598457
199301-199312;atpu;rund;1993;Win;6.65573389
199401-199412;atpu;rund;1994;Win;6.628754057
199501-199512;atpu;rund;1995;Win;6.740986624
199601-199612;atpu;rund;1996;Win;6.543355297
199701-199712;atpu;rund;1997;Win;7.499138066
199801-199812;atpu;rund;1998;Win;7.114017444
199901-199912;atpu;rund;1999;Win;6.977085899
200001-200012;atpu;rund;2000;Win;7.11201335
200101-200112;atpu;rund;2001;Win;7.386181997
200201-200212;atpu;rund;2002;Win;7.842896476
200301-200312;atpu;rund;2003;Win;7.669809438
200401-200412;atpu;rund;2004;Win;7.616551868
200501-200512;atpu;rund;2005;Win;7.286883532
200601-200612;atpu;rund;2006;Win;7.631014524
200701-200712;atpu;rund;2007;Win;7.468030269
200801-200812;atpu;rund;2008;Win;7.428741468
200901-200912;atpu;rund;2009;Win;7.692310131
201001-201012;atpu;rund;2010;Win;7.868184399
201101-201112;atpu;rund;2011;Win;7.524358201
201201-201212;atpu;rund;2012;Win;7.444966116
201301-201312;atpu;rund;2013;Win;7.460206047
201401-201412;atpu;rund;2014;Win;7.814708173
201501-201512;atpu;rund;2015;Win;7.445694205
201601-201612;atpu;rund;2016;Win;7.623794027
201701-201712;atpu;rund;2017;Win;7.038968921
201801-201812;atpu;rund;2018;Win;7.446108837
201901-201912;atpu;rund;2019;Win;7.36657353
202001-202012;atpu;rund;2020;Win;7.616644121
202101-202112;atpu;rund;2021;Win;7.780944391
202201-202212;atpu;rund;2022;Win;7.450299748
202301-202312;atpu;rund;2023;Win;7.801459339
202401-202412;atpu;rund;2024;Win;7.717027203
202501-202512;atpu;rund;2025;Win;7.620754247
202601-202612;atpu;rund;2026;Win;8.06564396
202701-202712;atpu;rund;2027;Win;7.68871581
202801-202812;atpu;rund;2028;Win;7.552432843
202901-202912;atpu;rund;2029;Win;7.568110851
203001-203012;atpu;rund;2030;Win;7.521182589
203101-203112;atpu;rund;2031;Win;7.639437376
203201-203212;atpu;rund;2032;Win;7.431668097
203301-203312;atpu;rund;2033;Win;8.152704049
203401-203412;atpu;rund;2034;Win;7.65597905
203501-203512;atpu;rund;2035;Win;7.460117361
203601-203612;atpu;rund;2036;Win;7.492259315
203701-203712;atpu;rund;2037;Win;7.711904582
203801-203812;atpu;rund;2038;Win;8.138673608
203901-203912;atpu;rund;2039;Win;7.964005007
204001-204012;atpu;rund;2040;Win;7.814202562
204101-204112;atpu;rund;2041;Win;7.383524483
204201-204212;atpu;rund;2042;Win;7.635051254
204301-204312;atpu;rund;2043;Win;7.518158864
204401-204412;atpu;rund;2044;Win;7.466250948
204501-204512;atpu;rund;2045;Win;7.751211478
204601-204612;atpu;rund;2046;Win;7.899660955
204701-204712;atpu;rund;2047;Win;7.684288659
204801-204812;atpu;rund;2048;Win;7.572244677
204901-204912;atpu;rund;2049;Win;7.658685239
205001-205012;atpu;rund;2050;Win;8.035096056
198001-198012;blki;anda;1980;Win;6.488890724
198101-198112;blki;anda;1981;Win;6.978731274
198201-198212;blki;anda;1982;Win;5.634916755
198301-198312;blki;anda;1983;Win;6.133849607
198401-198412;blki;anda;1984;Win;5.1309736
198501-198512;blki;anda;1985;Win;5.905120037
198601-198612;blki;anda;1986;Win;5.107585392
198701-198712;blki;anda;1987;Win;6.359628586
198801-198812;blki;anda;1988;Win;6.19855126
198901-198912;blki;anda;1989;Win;5.719462963
199001-199012;blki;anda;1990;Win;5.774485188
199101-199112;blki;anda;1991;Win;6.290435107
199201-199212;blki;anda;1992;Win;5.643896278
199301-199312;blki;anda;1993;Win;5.767354527
199401-199412;blki;anda;1994;Win;5.970378619
199501-199512;blki;anda;1995;Win;6.580942579
199601-199612;blki;anda;1996;Win;6.479797905
199701-199712;blki;anda;1997;Win;6.960461503
199801-199812;blki;anda;1998;Win;6.819298155
199901-199912;blki;anda;1999;Win;6.047875202
200001-200012;blki;anda;2000;Win;6.453982486
200101-200112;blki;anda;2001;Win;6.806065527
200201-200212;blki;anda;2002;Win;6.185653616
200301-200312;blki;anda;2003;Win;6.745898799
200401-200412;blki;anda;2004;Win;6.924157328
200501-200512;blki;anda;2005;Win;6.935237338
200601-200612;blki;anda;2006;Win;7.333179846
200701-200712;blki;anda;2007;Win;6.793898239
200801-200812;blki;anda;2008;Win;6.86614967
200901-200912;blki;anda;2009;Win;5.77392413
201001-201012;blki;anda;2010;Win;7.865176204
201101-201112;blki;anda;2011;Win;6.393100369
201201-201212;blki;anda;2012;Win;7.145365509
201301-201312;blki;anda;2013;Win;6.583424245
201401-201412;blki;anda;2014;Win;6.223959951
201501-201512;blki;anda;2015;Win;5.713562296
201601-201612;blki;anda;2016;Win;7.159763354
201701-201712;blki;anda;2017;Win;7.58177849
201801-201812;blki;anda;2018;Win;6.326740573
201901-201912;blki;anda;2019;Win;6.734542905
202001-202012;blki;anda;2020;Win;5.716849678
202101-202112;blki;anda;2021;Win;6.480943766
202201-202212;blki;anda;2022;Win;5.844348635
202301-202312;blki;anda;2023;Win;7.024661455
202401-202412;blki;anda;2024;Win;6.940316289
202501-202512;blki;anda;2025;Win;6.42164908
202601-202612;blki;anda;2026;Win;6.505407895
202701-202712;blki;anda;2027;Win;6.86122892
202801-202812;blki;anda;2028;Win;6.304065432
202901-202912;blki;anda;2029;Win;6.355944282
203001-203012;blki;anda;2030;Win;6.494887138
203101-203112;blki;anda;2031;Win;7.049274753
203201-203212;blki;anda;2032;Win;6.920596126
203301-203312;blki;anda;2033;Win;7.309371748
203401-203412;blki;anda;2034;Win;7.163250229
203501-203512;blki;anda;2035;Win;6.325911888
203601-203612;blki;anda;2036;Win;6.784173649
203701-203712;blki;anda;2037;Win;7.121790454
203801-203812;blki;anda;2038;Win;6.519465595
203901-203912;blki;anda;2039;Win;7.136357855
204001-204012;blki;anda;2040;Win;7.167648115
204101-204112;blki;anda;2041;Win;7.179189309
204201-204212;blki;anda;2042;Win;7.454714134
204301-204312;blki;anda;2043;Win;6.889297608
204401-204412;blki;anda;2044;Win;7.033292316
204501-204512;blki;anda;2045;Win;5.970454752
204601-204612;blki;anda;2046;Win;8.117059649
204701-204712;blki;anda;2047;Win;6.811832252
204801-204812;blki;anda;2048;Win;7.634438797
204901-204912;blki;anda;2049;Win;7.145344863
205001-205012;blki;anda;2050;Win;6.777935159
198001-198012;blki;bjor;1980;Win;9.027449364
198101-198112;blki;bjor;1981;Win;9.169774687
198201-198212;blki;bjor;1982;Win;8.985982809
198301-198312;blki;bjor;1983;Win;9.196835862
198401-198412;blki;bjor;1984;Win;8.87007583
198501-198512;blki;bjor;1985;Win;8.909692112
198601-198612;blki;bjor;1986;Win;8.565675777
198701-198712;blki;bjor;1987;Win;9.311188678
198801-198812;blki;bjor;1988;Win;9.057209889
198901-198912;blki;bjor;1989;Win;9.264887219
199001-199012;blki;bjor;1990;Win;9.190870927
199101-199112;blki;bjor;1991;Win;9.300798356
199201-199212;blki;bjor;1992;Win;8.934903015
199301-199312;blki;bjor;1993;Win;8.776816276
199401-199412;blki;bjor;1994;Win;9.399521842
199501-199512;blki;bjor;1995;Win;9.836963378
199601-199612;blki;bjor;1996;Win;9.156486345
199701-199712;blki;bjor;1997;Win;9.898615382
199801-199812;blki;bjor;1998;Win;9.414610923
199901-199912;blki;bjor;1999;Win;9.359893379
200001-200012;blki;bjor;2000;Win;9.628658104
200101-200112;blki;bjor;2001;Win;9.856838373
200201-200212;blki;bjor;2002;Win;9.293116046
200301-200312;blki;bjor;2003;Win;9.644349687
200401-200412;blki;bjor;2004;Win;9.74777085
200501-200512;blki;bjor;2005;Win;9.955176972
200601-200612;blki;bjor;2006;Win;10.48440699
200701-200712;blki;bjor;2007;Win;9.7914999
200801-200812;blki;bjor;2008;Win;9.768526322
200901-200912;blki;bjor;2009;Win;9.465059525
201001-201012;blki;bjor;2010;Win;9.798899635
201101-201112;blki;bjor;2011;Win;9.904781692
201201-201212;blki;bjor;2012;Win;9.746765597
201301-201312;blki;bjor;2013;Win;9.759735635
201401-201412;blki;bjor;2014;Win;9.901672282
201501-201512;blki;bjor;2015;Win;9.664707822
201601-201612;blki;bjor;2016;Win;9.697842739
201701-201712;blki;bjor;2017;Win;9.838494805
201801-201812;blki;bjor;2018;Win;9.751360421
201901-201912;blki;bjor;2019;Win;9.934505948
202001-202012;blki;bjor;2020;Win;9.62992482
202101-202112;blki;bjor;2021;Win;9.680967533
202201-202212;blki;bjor;2022;Win;9.358479421
202301-202312;blki;bjor;2023;Win;10.08989469
202401-202412;blki;bjor;2024;Win;9.909177035
202501-202512;blki;bjor;2025;Win;10.15925986
202601-202612;blki;bjor;2026;Win;10.04899897
202701-202712;blki;bjor;2027;Win;10.03721012
202801-202812;blki;bjor;2028;Win;9.736053183
202901-202912;blki;bjor;2029;Win;9.483514607
203001-203012;blki;bjor;2030;Win;10.08512258
203101-203112;blki;bjor;2031;Win;10.48137878
203201-203212;blki;bjor;2032;Win;9.759978152
203301-203312;blki;bjor;2033;Win;10.40700575
203401-203412;blki;bjor;2034;Win;9.882274741
203501-203512;blki;bjor;2035;Win;9.826914636
203601-203612;blki;bjor;2036;Win;10.16841053
203701-203712;blki;bjor;2037;Win;10.32930056
203801-203812;blki;bjor;2038;Win;9.770696791
203901-203912;blki;bjor;2039;Win;10.13943737
204001-204012;blki;bjor;2040;Win;10.20953307
204101-204112;blki;bjor;2041;Win;10.44056643
204201-204212;blki;bjor;2042;Win;10.96732392
204301-204312;blki;bjor;2043;Win;10.25655369
204401-204412;blki;bjor;2044;Win;10.22735723
204501-204512;blki;bjor;2045;Win;9.927947714
204601-204612;blki;bjor;2046;Win;10.29576965
204701-204712;blki;bjor;2047;Win;10.52322427
204801-204812;blki;bjor;2048;Win;10.39212617
204901-204912;blki;bjor;2049;Win;10.4623802
205001-205012;blki;bjor;2050;Win;10.59852189
198001-198012;blki;hjel;1980;Win;5.713060193
198101-198112;blki;hjel;1981;Win;5.972060922
198201-198212;blki;hjel;1982;Win;4.542157061
198301-198312;blki;hjel;1983;Win;5.101348642
198401-198412;blki;hjel;1984;Win;4.212213135
198501-198512;blki;hjel;1985;Win;5.123323255
198601-198612;blki;hjel;1986;Win;4.235775444
198701-198712;blki;hjel;1987;Win;5.352164401
198801-198812;blki;hjel;1988;Win;5.131480447
198901-198912;blki;hjel;1989;Win;4.76305229
199001-199012;blki;hjel;1990;Win;4.806790631
199101-199112;blki;hjel;1991;Win;5.206506348
199201-199212;blki;hjel;1992;Win;4.53144813
199301-199312;blki;hjel;1993;Win;4.546609497
199401-199412;blki;hjel;1994;Win;5.216626446
199501-199512;blki;hjel;1995;Win;5.46363455
199601-199612;blki;hjel;1996;Win;5.455342767
199701-199712;blki;hjel;1997;Win;6.332241117
199801-199812;blki;hjel;1998;Win;6.01073804
199901-199912;blki;hjel;1999;Win;4.892023096
200001-200012;blki;hjel;2000;Win;5.27987217
200101-200112;blki;hjel;2001;Win;5.68088332
200201-200212;blki;hjel;2002;Win;5.42802484
200301-200312;blki;hjel;2003;Win;5.975808716
200401-200412;blki;hjel;2004;Win;5.966999308
200501-200512;blki;hjel;2005;Win;5.963818046
200601-200612;blki;hjel;2006;Win;6.401610311
200701-200712;blki;hjel;2007;Win;5.700321843
200801-200812;blki;hjel;2008;Win;5.556845797
200901-200912;blki;hjel;2009;Win;4.892768821
201001-201012;blki;hjel;2010;Win;6.986359973
201101-201112;blki;hjel;2011;Win;5.581251643
201201-201212;blki;hjel;2012;Win;6.116239264
201301-201312;blki;hjel;2013;Win;5.710038953
201401-201412;blki;hjel;2014;Win;5.325857466
201501-201512;blki;hjel;2015;Win;4.827929531
201601-201612;blki;hjel;2016;Win;6.419209172
201701-201712;blki;hjel;2017;Win;6.588544562
201801-201812;blki;hjel;2018;Win;5.227493834
201901-201912;blki;hjel;2019;Win;5.670064447
202001-202012;blki;hjel;2020;Win;4.770175014
202101-202112;blki;hjel;2021;Win;5.675767321
202201-202212;blki;hjel;2022;Win;4.958056484
202301-202312;blki;hjel;2023;Win;6.011540496
202401-202412;blki;hjel;2024;Win;5.863453557
202501-202512;blki;hjel;2025;Win;5.479802606
202601-202612;blki;hjel;2026;Win;5.54823045
202701-202712;blki;hjel;2027;Win;5.850745724
202801-202812;blki;hjel;2028;Win;5.267519985
202901-202912;blki;hjel;2029;Win;5.159681037
203001-203012;blki;hjel;2030;Win;5.692144306
203101-203112;blki;hjel;2031;Win;5.922810246
203201-203212;blki;hjel;2032;Win;5.88844628
203301-203312;blki;hjel;2033;Win;6.653301298
203401-203412;blki;hjel;2034;Win;6.294622333
203501-203512;blki;hjel;2035;Win;5.111536036
203601-203612;blki;hjel;2036;Win;5.507732841
203701-203712;blki;hjel;2037;Win;5.884354185
203801-203812;blki;hjel;2038;Win;5.653241436
203901-203912;blki;hjel;2039;Win;6.262699382
204001-204012;blki;hjel;2040;Win;6.104257593
204101-204112;blki;hjel;2041;Win;6.039816206
204201-204212;blki;hjel;2042;Win;6.327665828
204301-204312;blki;hjel;2043;Win;5.578152153
204401-204412;blki;hjel;2044;Win;5.536134143
204501-204512;blki;hjel;2045;Win;4.897493568
204601-204612;blki;hjel;2046;Win;7.050664814
204701-204712;blki;hjel;2047;Win;5.81033693
204801-204812;blki;hjel;2048;Win;6.394910529
204901-204912;blki;hjel;2049;Win;6.013846529
205001-205012;blki;hjel;2050;Win;5.627546418
198001-198012;blki;horn;1980;Win;5.73532322
198101-198112;blki;horn;1981;Win;6.174888593
198201-198212;blki;horn;1982;Win;4.815875595
198301-198312;blki;horn;1983;Win;5.253130893
198401-198412;blki;horn;1984;Win;4.311882914
198501-198512;blki;horn;1985;Win;5.134957851
198601-198612;blki;horn;1986;Win;4.28785246
198701-198712;blki;horn;1987;Win;5.541711566
198801-198812;blki;horn;1988;Win;5.316078204
198901-198912;blki;horn;1989;Win;4.941575184
199001-199012;blki;horn;1990;Win;4.912315351
199101-199112;blki;horn;1991;Win;5.49796774
199201-199212;blki;horn;1992;Win;4.665269733
199301-199312;blki;horn;1993;Win;4.89054811
199401-199412;blki;horn;1994;Win;5.235028287
199501-199512;blki;horn;1995;Win;5.744536862
199601-199612;blki;horn;1996;Win;5.663664579
199701-199712;blki;horn;1997;Win;6.149707592
199801-199812;blki;horn;1998;Win;5.998174277
199901-199912;blki;horn;1999;Win;5.111842223
200001-200012;blki;horn;2000;Win;5.624268981
200101-200112;blki;horn;2001;Win;5.972272079
200201-200212;blki;horn;2002;Win;5.38088435
200301-200312;blki;horn;2003;Win;5.981104638
200401-200412;blki;horn;2004;Win;6.081855581
200501-200512;blki;horn;2005;Win;6.083888683
200601-200612;blki;horn;2006;Win;6.49534393
200701-200712;blki;horn;2007;Win;5.850078855
200801-200812;blki;horn;2008;Win;6.029399302
200901-200912;blki;horn;2009;Win;4.813054508
201001-201012;blki;horn;2010;Win;7.137893712
201101-201112;blki;horn;2011;Win;5.669631151
201201-201212;blki;horn;2012;Win;6.344150727
201301-201312;blki;horn;2013;Win;5.780975272
201401-201412;blki;horn;2014;Win;5.515080594
201501-201512;blki;horn;2015;Win;5.016829988
201601-201612;blki;horn;2016;Win;6.453998855
201701-201712;blki;horn;2017;Win;6.825997048
201801-201812;blki;horn;2018;Win;5.560272427
201901-201912;blki;horn;2019;Win;5.899543148
202001-202012;blki;horn;2020;Win;4.956896271
202101-202112;blki;horn;2021;Win;5.751022023
202201-202212;blki;horn;2022;Win;5.092680271
202301-202312;blki;horn;2023;Win;6.244412547
202401-202412;blki;horn;2024;Win;6.105642174
202501-202512;blki;horn;2025;Win;5.696438914
202601-202612;blki;horn;2026;Win;5.723404106
202701-202712;blki;horn;2027;Win;6.140227921
202801-202812;blki;horn;2028;Win;5.448297751
202901-202912;blki;horn;2029;Win;5.566021799
203001-203012;blki;horn;2030;Win;5.841029937
203101-203112;blki;horn;2031;Win;6.289210668
203201-203212;blki;horn;2032;Win;6.177399594
203301-203312;blki;horn;2033;Win;6.570144408
203401-203412;blki;horn;2034;Win;6.41553913
203501-203512;blki;horn;2035;Win;5.469581762
203601-203612;blki;horn;2036;Win;6.032255747
203701-203712;blki;horn;2037;Win;6.373222263
203801-203812;blki;horn;2038;Win;5.788296684
203901-203912;blki;horn;2039;Win;6.472233634
204001-204012;blki;horn;2040;Win;6.393634384
204101-204112;blki;horn;2041;Win;6.40100238
204201-204212;blki;horn;2042;Win;6.695851012
204301-204312;blki;horn;2043;Win;6.002983286
204401-204412;blki;horn;2044;Win;6.265596938
204501-204512;blki;horn;2045;Win;5.091998922
204601-204612;blki;horn;2046;Win;7.431237372
204701-204712;blki;horn;2047;Win;6.116350687
204801-204812;blki;horn;2048;Win;6.864867042
204901-204912;blki;horn;2049;Win;6.361534101
205001-205012;blki;horn;2050;Win;6.074709276
198001-198012;blki;isfj;1980;Win;8.49444881
198101-198112;blki;isfj;1981;Win;9.269694369
198201-198212;blki;isfj;1982;Win;7.6819356
198301-198312;blki;isfj;1983;Win;8.457782704
198401-198412;blki;isfj;1984;Win;7.384354842
198501-198512;blki;isfj;1985;Win;7.85296785
198601-198612;blki;isfj;1986;Win;7.14319332
198701-198712;blki;isfj;1987;Win;8.545194588
198801-198812;blki;isfj;1988;Win;8.358229839
198901-198912;blki;isfj;1989;Win;7.836438208
199001-199012;blki;isfj;1990;Win;7.956724435
199101-199112;blki;isfj;1991;Win;8.516589282
199201-199212;blki;isfj;1992;Win;8.066115092
199301-199312;blki;isfj;1993;Win;8.163009075
199401-199412;blki;isfj;1994;Win;8.018783612
199501-199512;blki;isfj;1995;Win;8.919862626
199601-199612;blki;isfj;1996;Win;8.646619117
199701-199712;blki;isfj;1997;Win;8.998592106
199801-199812;blki;isfj;1998;Win;8.897411473
199901-199912;blki;isfj;1999;Win;8.347874656
200001-200012;blki;isfj;2000;Win;8.695195273
200101-200112;blki;isfj;2001;Win;9.076334016
200201-200212;blki;isfj;2002;Win;8.140125661
200301-200312;blki;isfj;2003;Win;8.595204765
200401-200412;blki;isfj;2004;Win;8.97733328
200501-200512;blki;isfj;2005;Win;9.087367313
200601-200612;blki;isfj;2006;Win;9.463204192
200701-200712;blki;isfj;2007;Win;9.234875464
200801-200812;blki;isfj;2008;Win;9.332025085
200901-200912;blki;isfj;2009;Win;7.767620642
201001-201012;blki;isfj;2010;Win;9.828739461
201101-201112;blki;isfj;2011;Win;8.293043802
201201-201212;blki;isfj;2012;Win;9.404496689
201301-201312;blki;isfj;2013;Win;8.65056304
201401-201412;blki;isfj;2014;Win;8.061137118
201501-201512;blki;isfj;2015;Win;7.725510053
201601-201612;blki;isfj;2016;Win;9.06365705
201701-201712;blki;isfj;2017;Win;9.800633689
201801-201812;blki;isfj;2018;Win;8.344598572
201901-201912;blki;isfj;2019;Win;9.076002542
202001-202012;blki;isfj;2020;Win;7.998066152
202101-202112;blki;isfj;2021;Win;8.479767347
202201-202212;blki;isfj;2022;Win;7.934645365
202301-202312;blki;isfj;2023;Win;9.246810956
202401-202412;blki;isfj;2024;Win;9.119512658
202501-202512;blki;isfj;2025;Win;8.544051922
202601-202612;blki;isfj;2026;Win;8.660923605
202701-202712;blki;isfj;2027;Win;9.045075943
202801-202812;blki;isfj;2028;Win;8.65230505
202901-202912;blki;isfj;2029;Win;8.705252008
203001-203012;blki;isfj;2030;Win;8.511272252
203101-203112;blki;isfj;2031;Win;9.348368808
203201-203212;blki;isfj;2032;Win;9.060907655
203301-203312;blki;isfj;2033;Win;9.358657696
203401-203412;blki;isfj;2034;Win;9.294192584
203501-203512;blki;isfj;2035;Win;8.712350189
203601-203612;blki;isfj;2036;Win;9.150131024
203701-203712;blki;isfj;2037;Win;9.524869759
203801-203812;blki;isfj;2038;Win;8.624733549
203901-203912;blki;isfj;2039;Win;9.100034982
204001-204012;blki;isfj;2040;Win;9.36466018
204101-204112;blki;isfj;2041;Win;9.522543573
204201-204212;blki;isfj;2042;Win;9.803963591
204301-204312;blki;isfj;2043;Win;9.589589775
204401-204412;blki;isfj;2044;Win;9.719809443
204501-204512;blki;isfj;2045;Win;8.16194836
204601-204612;blki;isfj;2046;Win;10.33568304
204701-204712;blki;isfj;2047;Win;8.970357414
204801-204812;blki;isfj;2048;Win;10.19056834
204901-204912;blki;isfj;2049;Win;9.567647698
205001-205012;blki;isfj;2050;Win;8.956599674
198001-198012;blki;rost;1980;Win;5.815139147
198101-198112;blki;rost;1981;Win;6.285176955
198201-198212;blki;rost;1982;Win;4.953665684
198301-198312;blki;rost;1983;Win;5.318829582
198401-198412;blki;rost;1984;Win;4.354361822
198501-198512;blki;rost;1985;Win;5.192303703
198601-198612;blki;rost;1986;Win;4.368879759
198701-198712;blki;rost;1987;Win;5.673690003
198801-198812;blki;rost;1988;Win;5.344959373
198901-198912;blki;rost;1989;Win;4.988338374
199001-199012;blki;rost;1990;Win;4.981510529
199101-199112;blki;rost;1991;Win;5.641474906
199201-199212;blki;rost;1992;Win;4.756255058
199301-199312;blki;rost;1993;Win;4.953924999
199401-199412;blki;rost;1994;Win;5.276426334
199501-199512;blki;rost;1995;Win;5.857966943
199601-199612;blki;rost;1996;Win;5.786076296
199701-199712;blki;rost;1997;Win;6.197058375
199801-199812;blki;rost;1998;Win;6.102047881
199901-199912;blki;rost;1999;Win;5.221976231
200001-200012;blki;rost;2000;Win;5.77503534
200101-200112;blki;rost;2001;Win;6.097381221
200201-200212;blki;rost;2002;Win;5.478717075
200301-200312;blki;rost;2003;Win;6.069041687
200401-200412;blki;rost;2004;Win;6.166167168
200501-200512;blki;rost;2005;Win;6.149972281
200601-200612;blki;rost;2006;Win;6.602968804
200701-200712;blki;rost;2007;Win;5.932126681
200801-200812;blki;rost;2008;Win;6.199616119
200901-200912;blki;rost;2009;Win;4.897330235
201001-201012;blki;rost;2010;Win;7.307126006
201101-201112;blki;rost;2011;Win;5.769350303
201201-201212;blki;rost;2012;Win;6.48945353
201301-201312;blki;rost;2013;Win;5.899619559
201401-201412;blki;rost;2014;Win;5.653176121
201501-201512;blki;rost;2015;Win;5.077151944
201601-201612;blki;rost;2016;Win;6.564293759
201701-201712;blki;rost;2017;Win;6.971072843
201801-201812;blki;rost;2018;Win;5.726237901
201901-201912;blki;rost;2019;Win;5.992644556
202001-202012;blki;rost;2020;Win;5.038996542
202101-202112;blki;rost;2021;Win;5.857230137
202201-202212;blki;rost;2022;Win;5.21489278
202301-202312;blki;rost;2023;Win;6.431423259
202401-202412;blki;rost;2024;Win;6.187581403
202501-202512;blki;rost;2025;Win;5.795678037
202601-202612;blki;rost;2026;Win;5.83340181
202701-202712;blki;rost;2027;Win;6.307456473
202801-202812;blki;rost;2028;Win;5.550686629
202901-202912;blki;rost;2029;Win;5.654394801
203001-203012;blki;rost;2030;Win;5.925914246
203101-203112;blki;rost;2031;Win;6.434962624
203201-203212;blki;rost;2032;Win;6.327480725
203301-203312;blki;rost;2033;Win;6.638677742
203401-203412;blki;rost;2034;Win;6.533233609
203501-203512;blki;rost;2035;Win;5.587341781
203601-203612;blki;rost;2036;Win;6.197664006
203701-203712;blki;rost;2037;Win;6.509121687
203801-203812;blki;rost;2038;Win;5.90417494
203901-203912;blki;rost;2039;Win;6.580351738
204001-204012;blki;rost;2040;Win;6.491422504
204101-204112;blki;rost;2041;Win;6.494585204
204201-204212;blki;rost;2042;Win;6.820339612
204301-204312;blki;rost;2043;Win;6.103718424
204401-204412;blki;rost;2044;Win;6.443971885
204501-204512;blki;rost;2045;Win;5.185959081
204601-204612;blki;rost;2046;Win;7.6062094
204701-204712;blki;rost;2047;Win;6.227344964
204801-204812;blki;rost;2048;Win;7.011798129
204901-204912;blki;rost;2049;Win;6.4885117
205001-205012;blki;rost;2050;Win;6.22057512
198001-198012;blki;rund;1980;Win;6.068639631
198101-198112;blki;rund;1981;Win;6.611311111
198201-198212;blki;rund;1982;Win;5.249263846
198301-198312;blki;rund;1983;Win;5.652616732
198401-198412;blki;rund;1984;Win;4.637630546
198501-198512;blki;rund;1985;Win;5.4603484
198601-198612;blki;rund;1986;Win;4.625642355
198701-198712;blki;rund;1987;Win;5.970376824
198801-198812;blki;rund;1988;Win;5.665105221
198901-198912;blki;rund;1989;Win;5.271805742
199001-199012;blki;rund;1990;Win;5.299470164
199101-199112;blki;rund;1991;Win;5.927599086
199201-199212;blki;rund;1992;Win;5.06703058
199301-199312;blki;rund;1993;Win;5.279716278
199401-199412;blki;rund;1994;Win;5.538131856
199501-199512;blki;rund;1995;Win;6.162637883
199601-199612;blki;rund;1996;Win;6.081174924
199701-199712;blki;rund;1997;Win;6.45748797
199801-199812;blki;rund;1998;Win;6.371903715
199901-199912;blki;rund;1999;Win;5.569558637
200001-200012;blki;rund;2000;Win;6.076409121
200101-200112;blki;rund;2001;Win;6.444385019
200201-200212;blki;rund;2002;Win;5.747472322
200301-200312;blki;rund;2003;Win;6.337302474
200401-200412;blki;rund;2004;Win;6.45698356
200501-200512;blki;rund;2005;Win;6.465265367
200601-200612;blki;rund;2006;Win;6.935163018
200701-200712;blki;rund;2007;Win;6.283008698
200801-200812;blki;rund;2008;Win;6.53214124
200901-200912;blki;rund;2009;Win;5.157194053
201001-201012;blki;rund;2010;Win;7.577888512
201101-201112;blki;rund;2011;Win;6.014312966
201201-201212;blki;rund;2012;Win;6.783698427
201301-201312;blki;rund;2013;Win;6.174212425
201401-201412;blki;rund;2014;Win;5.895649237
201501-201512;blki;rund;2015;Win;5.319325881
201601-201612;blki;rund;2016;Win;6.790302874
201701-201712;blki;rund;2017;Win;7.269362439
201801-201812;blki;rund;2018;Win;5.998803711
201901-201912;blki;rund;2019;Win;6.310120957
202001-202012;blki;rund;2020;Win;5.304556638
202101-202112;blki;rund;2021;Win;6.107180011
202201-202212;blki;rund;2022;Win;5.451094775
202301-202312;blki;rund;2023;Win;6.710042592
202401-202412;blki;rund;2024;Win;6.487290836
202501-202512;blki;rund;2025;Win;6.053695505
202601-202612;blki;rund;2026;Win;6.121983725
202701-202712;blki;rund;2027;Win;6.563323247
202801-202812;blki;rund;2028;Win;5.819025765
202901-202912;blki;rund;2029;Win;5.947897861
203001-203012;blki;rund;2030;Win;6.158876156
203101-203112;blki;rund;2031;Win;6.712226259
203201-203212;blki;rund;2032;Win;6.599341579
203301-203312;blki;rund;2033;Win;6.871969178
203401-203412;blki;rund;2034;Win;6.779357025
203501-203512;blki;rund;2035;Win;5.910699305
203601-203612;blki;rund;2036;Win;6.478412276
203701-203712;blki;rund;2037;Win;6.834790229
203801-203812;blki;rund;2038;Win;6.149597864
203901-203912;blki;rund;2039;Win;6.814896563
204001-204012;blki;rund;2040;Win;6.760319116
204101-204112;blki;rund;2041;Win;6.791819265
204201-204212;blki;rund;2042;Win;7.136150838
204301-204312;blki;rund;2043;Win;6.445321102
204401-204412;blki;rund;2044;Win;6.763558407
204501-204512;blki;rund;2045;Win;5.426025138
204601-204612;blki;rund;2046;Win;7.871627001
204701-204712;blki;rund;2047;Win;6.472685408
204801-204812;blki;rund;2048;Win;7.309278798
204901-204912;blki;rund;2049;Win;6.775707881
205001-205012;blki;rund;2050;Win;6.467690645
198001-198012;blki;skli;1980;Win;6.390932918
198101-198112;blki;skli;1981;Win;6.96284936
198201-198212;blki;skli;1982;Win;5.854749243
198301-198312;blki;skli;1983;Win;6.142355302
198401-198412;blki;skli;1984;Win;5.374111983
198501-198512;blki;skli;1985;Win;5.924677841
198601-198612;blki;skli;1986;Win;5.281283702
198701-198712;blki;skli;1987;Win;6.455319479
198801-198812;blki;skli;1988;Win;6.218168264
198901-198912;blki;skli;1989;Win;5.864057104
199001-199012;blki;skli;1990;Win;5.922948732
199101-199112;blki;skli;1991;Win;6.416424162
199201-199212;blki;skli;1992;Win;5.772992209
199301-199312;blki;skli;1993;Win;5.900220213
199401-199412;blki;skli;1994;Win;6.074926492
199501-199512;blki;skli;1995;Win;6.585607866
199601-199612;blki;skli;1996;Win;6.524955064
199701-199712;blki;skli;1997;Win;6.908808921
199801-199812;blki;skli;1998;Win;6.850296772
199901-199912;blki;skli;1999;Win;6.210856651
200001-200012;blki;skli;2000;Win;6.670316702
200101-200112;blki;skli;2001;Win;6.817401477
200201-200212;blki;skli;2002;Win;6.169892552
200301-200312;blki;skli;2003;Win;6.818973574
200401-200412;blki;skli;2004;Win;6.968223329
200501-200512;blki;skli;2005;Win;7.012604069
200601-200612;blki;skli;2006;Win;7.468714927
200701-200712;blki;skli;2007;Win;6.866485242
200801-200812;blki;skli;2008;Win;7.027015222
200901-200912;blki;skli;2009;Win;5.956362384
201001-201012;blki;skli;2010;Win;7.799401413
201101-201112;blki;skli;2011;Win;6.648433829
201201-201212;blki;skli;2012;Win;7.220837447
201301-201312;blki;skli;2013;Win;6.781174679
201401-201412;blki;skli;2014;Win;6.495995873
201501-201512;blki;skli;2015;Win;6.0956037
201601-201612;blki;skli;2016;Win;7.119625678
201701-201712;blki;skli;2017;Win;7.662372401
201801-201812;blki;skli;2018;Win;6.647921886
201901-201912;blki;skli;2019;Win;6.841836548
202001-202012;blki;skli;2020;Win;6.079618902
202101-202112;blki;skli;2021;Win;6.611144223
202201-202212;blki;skli;2022;Win;6.117338407
202301-202312;blki;skli;2023;Win;7.22594516
202401-202412;blki;skli;2024;Win;7.051343923
202501-202512;blki;skli;2025;Win;6.668477465
202601-202612;blki;skli;2026;Win;6.748209282
202701-202712;blki;skli;2027;Win;7.088986693
202801-202812;blki;skli;2028;Win;6.530388299
202901-202912;blki;skli;2029;Win;6.589746315
203001-203012;blki;skli;2030;Win;6.707287421
203101-203112;blki;skli;2031;Win;7.150584213
203201-203212;blki;skli;2032;Win;7.057638506
203301-203312;blki;skli;2033;Win;7.357272693
203401-203412;blki;skli;2034;Win;7.30001663
203501-203512;blki;skli;2035;Win;6.599109019
203601-203612;blki;skli;2036;Win;7.098539358
203701-203712;blki;skli;2037;Win;7.235707247
203801-203812;blki;skli;2038;Win;6.584251161
203901-203912;blki;skli;2039;Win;7.291731329
204001-204012;blki;skli;2040;Win;7.317020671
204101-204112;blki;skli;2041;Win;7.382635233
204201-204212;blki;skli;2042;Win;7.736213441
204301-204312;blki;skli;2043;Win;7.093222223
204401-204412;blki;skli;2044;Win;7.310965364
204501-204512;blki;skli;2045;Win;6.265593907
204601-204612;blki;skli;2046;Win;8.142250481
204701-204712;blki;skli;2047;Win;7.137939984
204801-204812;blki;skli;2048;Win;7.768054774
204901-204912;blki;skli;2049;Win;7.398917245
205001-205012;blki;skli;2050;Win;7.09550507
198001-198012;brgu;bjor;1980;Win;1.396045742
198101-198112;brgu;bjor;1981;Win;0.749310918
198201-198212;brgu;bjor;1982;Win;1.616701237
198301-198312;brgu;bjor;1983;Win;1.586377647
198401-198412;brgu;bjor;1984;Win;2.614006228
198501-198512;brgu;bjor;1985;Win;1.583856438
198601-198612;brgu;bjor;1986;Win;2.429082006
198701-198712;brgu;bjor;1987;Win;1.524513864
198801-198812;brgu;bjor;1988;Win;0.376906883
198901-198912;brgu;bjor;1989;Win;0.763801957
199001-199012;brgu;bjor;1990;Win;2.238971215
199101-199112;brgu;bjor;1991;Win;2.176915021
199201-199212;brgu;bjor;1992;Win;2.193588186
199301-199312;brgu;bjor;1993;Win;2.657829785
199401-199412;brgu;bjor;1994;Win;1.758225205
199501-199512;brgu;bjor;1995;Win;0.957098562
199601-199612;brgu;bjor;1996;Win;0.43938575
199701-199712;brgu;bjor;1997;Win;1.968779461
199801-199812;brgu;bjor;1998;Win;2.435768431
199901-199912;brgu;bjor;1999;Win;2.280204485
200001-200012;brgu;bjor;2000;Win;2.844371833
200101-200112;brgu;bjor;2001;Win;2.192293988
200201-200212;brgu;bjor;2002;Win;3.560788934
200301-200312;brgu;bjor;2003;Win;3.149021482
200401-200412;brgu;bjor;2004;Win;3.023904458
200501-200512;brgu;bjor;2005;Win;2.421711104
200601-200612;brgu;bjor;2006;Win;2.955025575
200701-200712;brgu;bjor;2007;Win;2.435756445
200801-200812;brgu;bjor;2008;Win;2.994969694
200901-200912;brgu;bjor;2009;Win;3.24944529
201001-201012;brgu;bjor;2010;Win;3.034176975
201101-201112;brgu;bjor;2011;Win;3.128437336
201201-201212;brgu;bjor;2012;Win;3.004199093
201301-201312;brgu;bjor;2013;Win;2.838422561
201401-201412;brgu;bjor;2014;Win;4.086880123
201501-201512;brgu;bjor;2015;Win;3.826622747
201601-201612;brgu;bjor;2016;Win;2.929982235
201701-201712;brgu;bjor;2017;Win;2.51716725
201801-201812;brgu;bjor;2018;Win;3.009176533
201901-201912;brgu;bjor;2019;Win;2.991381394
202001-202012;brgu;bjor;2020;Win;4.178992109
202101-202112;brgu;bjor;2021;Win;3.587485743
202201-202212;brgu;bjor;2022;Win;4.084529875
202301-202312;brgu;bjor;2023;Win;3.654934164
202401-202412;brgu;bjor;2024;Win;2.802531051
202501-202512;brgu;bjor;2025;Win;3.292897274
202601-202612;brgu;bjor;2026;Win;3.844587901
202701-202712;brgu;bjor;2027;Win;3.858328223
202801-202812;brgu;bjor;2028;Win;3.879414529
202901-202912;brgu;bjor;2029;Win;3.993935408
203001-203012;brgu;bjor;2030;Win;3.406065286
203101-203112;brgu;bjor;2031;Win;3.166020167
203201-203212;brgu;bjor;2032;Win;2.763658122
203301-203312;brgu;bjor;2033;Win;3.531723267
203401-203412;brgu;bjor;2034;Win;3.822461631
203501-203512;brgu;bjor;2035;Win;3.605942648
203601-203612;brgu;bjor;2036;Win;4.011115464
203701-203712;brgu;bjor;2037;Win;3.464904438
203801-203812;brgu;bjor;2038;Win;4.395482074
203901-203912;brgu;bjor;2039;Win;4.148430056
204001-204012;brgu;bjor;2040;Win;3.900465823
204101-204112;brgu;bjor;2041;Win;3.587781613
204201-204212;brgu;bjor;2042;Win;3.835974531
204301-204312;brgu;bjor;2043;Win;3.759409634
204401-204412;brgu;bjor;2044;Win;3.93057997
204501-204512;brgu;bjor;2045;Win;4.342932854
204601-204612;brgu;bjor;2046;Win;4.149674101
204701-204712;brgu;bjor;2047;Win;4.14452286
204801-204812;brgu;bjor;2048;Win;4.019409937
204901-204912;brgu;bjor;2049;Win;4.05634488
205001-205012;brgu;bjor;2050;Win;5.018365873
198001-198012;brgu;isfj;1980;Win;1.523397164
198101-198112;brgu;isfj;1981;Win;0.457528554
198201-198212;brgu;isfj;1982;Win;0.333319888
198301-198312;brgu;isfj;1983;Win;0.750156038
198401-198412;brgu;isfj;1984;Win;1.371457307
198501-198512;brgu;isfj;1985;Win;1.726205842
198601-198612;brgu;isfj;1986;Win;1.197257133
198701-198712;brgu;isfj;1987;Win;1.445651643
198801-198812;brgu;isfj;1988;Win;0.911498493
198901-198912;brgu;isfj;1989;Win;0.23689814
199001-199012;brgu;isfj;1990;Win;1.027806025
199101-199112;brgu;isfj;1991;Win;1.347053329
199201-199212;brgu;isfj;1992;Win;0.626800272
199301-199312;brgu;isfj;1993;Win;1.816703995
199401-199412;brgu;isfj;1994;Win;1.328343134
199501-199512;brgu;isfj;1995;Win;0.771081012
199601-199612;brgu;isfj;1996;Win;0.751908012
199701-199712;brgu;isfj;1997;Win;2.389492931
199801-199812;brgu;isfj;1998;Win;2.208828337
199901-199912;brgu;isfj;1999;Win;1.361225161
200001-200012;brgu;isfj;2000;Win;1.886294688
200101-200112;brgu;isfj;2001;Win;1.963194209
200201-200212;brgu;isfj;2002;Win;2.824230426
200301-200312;brgu;isfj;2003;Win;3.450864046
200401-200412;brgu;isfj;2004;Win;3.167202891
200501-200512;brgu;isfj;2005;Win;2.015440302
200601-200612;brgu;isfj;2006;Win;2.311393406
200701-200712;brgu;isfj;2007;Win;1.806717582
200801-200812;brgu;isfj;2008;Win;2.028706692
200901-200912;brgu;isfj;2009;Win;2.460879119
201001-201012;brgu;isfj;2010;Win;3.226158076
201101-201112;brgu;isfj;2011;Win;1.746847932
201201-201212;brgu;isfj;2012;Win;2.634959876
201301-201312;brgu;isfj;2013;Win;2.28261878
201401-201412;brgu;isfj;2014;Win;3.040226945
201501-201512;brgu;isfj;2015;Win;2.045210598
201601-201612;brgu;isfj;2016;Win;3.049527641
201701-201712;brgu;isfj;2017;Win;2.142905592
201801-201812;brgu;isfj;2018;Win;1.786552628
201901-201912;brgu;isfj;2019;Win;2.119570525
202001-202012;brgu;isfj;2020;Win;2.640069315
202101-202112;brgu;isfj;2021;Win;3.077415931
202201-202212;brgu;isfj;2022;Win;2.533108122
202301-202312;brgu;isfj;2023;Win;2.976731806
202401-202412;brgu;isfj;2024;Win;2.65024361
202501-202512;brgu;isfj;2025;Win;2.18036844
202601-202612;brgu;isfj;2026;Win;2.412415082
202701-202712;brgu;isfj;2027;Win;2.798965587
202801-202812;brgu;isfj;2028;Win;2.259006666
202901-202912;brgu;isfj;2029;Win;3.032714844
203001-203012;brgu;isfj;2030;Win;2.706724482
203101-203112;brgu;isfj;2031;Win;2.542962912
203201-203212;brgu;isfj;2032;Win;2.629913065
203301-203312;brgu;isfj;2033;Win;3.379084048
203401-203412;brgu;isfj;2034;Win;3.207237177
203501-203512;brgu;isfj;2035;Win;2.313783861
203601-203612;brgu;isfj;2036;Win;2.579139776
203701-203712;brgu;isfj;2037;Win;2.735028872
203801-203812;brgu;isfj;2038;Win;3.251718538
203901-203912;brgu;isfj;2039;Win;4.102312967
204001-204012;brgu;isfj;2040;Win;3.631104577
204101-204112;brgu;isfj;2041;Win;2.613142727
204201-204212;brgu;isfj;2042;Win;2.562100883
204301-204312;brgu;isfj;2043;Win;2.461465056
204401-204412;brgu;isfj;2044;Win;2.500830609
204501-204512;brgu;isfj;2045;Win;3.091078783
204601-204612;brgu;isfj;2046;Win;3.948249087
204701-204712;brgu;isfj;2047;Win;2.633271591
204801-204812;brgu;isfj;2048;Win;3.407519001
204901-204912;brgu;isfj;2049;Win;3.217677904
205001-205012;brgu;isfj;2050;Win;3.69291833
198001-198012;brgu;janm;1980;Win;0.858413792
198101-198112;brgu;janm;1981;Win;-0.273835564
198201-198212;brgu;janm;1982;Win;-1.067118549
198301-198312;brgu;janm;1983;Win;-1.088843727
198401-198412;brgu;janm;1984;Win;0.182819939
198501-198512;brgu;janm;1985;Win;1.327165699
198601-198612;brgu;janm;1986;Win;0.102447128
198701-198712;brgu;janm;1987;Win;0.791107273
198801-198812;brgu;janm;1988;Win;0.243782616
198901-198912;brgu;janm;1989;Win;-0.746666336
199001-199012;brgu;janm;1990;Win;-0.184292221
199101-199112;brgu;janm;1991;Win;0.556096172
199201-199212;brgu;janm;1992;Win;-0.629028702
199301-199312;brgu;janm;1993;Win;0.36838541
199401-199412;brgu;janm;1994;Win;0.325761414
199501-199512;brgu;janm;1995;Win;0.078391171
199601-199612;brgu;janm;1996;Win;0.118824577
199701-199712;brgu;janm;1997;Win;1.823500252
199801-199812;brgu;janm;1998;Win;1.443970776
199901-199912;brgu;janm;1999;Win;0.533187008
200001-200012;brgu;janm;2000;Win;1.307708359
200101-200112;brgu;janm;2001;Win;1.601310349
200201-200212;brgu;janm;2002;Win;2.379431343
200301-200312;brgu;janm;2003;Win;3.001772022
200401-200412;brgu;janm;2004;Win;2.56257019
200501-200512;brgu;janm;2005;Win;1.589228725
200601-200612;brgu;janm;2006;Win;1.896240807
200701-200712;brgu;janm;2007;Win;1.031425571
200801-200812;brgu;janm;2008;Win;1.426518536
200901-200912;brgu;janm;2009;Win;1.935557461
201001-201012;brgu;janm;2010;Win;2.964590645
201101-201112;brgu;janm;2011;Win;0.994467354
201201-201212;brgu;janm;2012;Win;2.072367287
201301-201312;brgu;janm;2013;Win;1.692890263
201401-201412;brgu;janm;2014;Win;2.516769505
201501-201512;brgu;janm;2015;Win;1.046620464
201601-201612;brgu;janm;2016;Win;2.625465012
201701-201712;brgu;janm;2017;Win;1.669515228
201801-201812;brgu;janm;2018;Win;1.181236839
201901-201912;brgu;janm;2019;Win;1.471822834
202001-202012;brgu;janm;2020;Win;2.154716587
202101-202112;brgu;janm;2021;Win;2.81791029
202201-202212;brgu;janm;2022;Win;2.085152721
202301-202312;brgu;janm;2023;Win;2.524087048
202401-202412;brgu;janm;2024;Win;2.21261034
202501-202512;brgu;janm;2025;Win;1.718227005
202601-202612;brgu;janm;2026;Win;1.948576069
202701-202712;brgu;janm;2027;Win;2.44782362
202801-202812;brgu;janm;2028;Win;1.891976929
202901-202912;brgu;janm;2029;Win;2.573760128
203001-203012;brgu;janm;2030;Win;2.290537453
203101-203112;brgu;janm;2031;Win;2.225255108
203201-203212;brgu;janm;2032;Win;2.276817417
203301-203312;brgu;janm;2033;Win;3.028794384
203401-203412;brgu;janm;2034;Win;2.730911827
203501-203512;brgu;janm;2035;Win;1.940819359
203601-203612;brgu;janm;2036;Win;2.241548634
203701-203712;brgu;janm;2037;Win;2.546320057
203801-203812;brgu;janm;2038;Win;2.956140137
203901-203912;brgu;janm;2039;Win;3.720974064
204001-204012;brgu;janm;2040;Win;3.246708488
204101-204112;brgu;janm;2041;Win;2.291012383
204201-204212;brgu;janm;2042;Win;2.261705017
204301-204312;brgu;janm;2043;Win;2.005074596
204401-204412;brgu;janm;2044;Win;2.181411362
204501-204512;brgu;janm;2045;Win;2.737706757
204601-204612;brgu;janm;2046;Win;3.707649326
204701-204712;brgu;janm;2047;Win;2.244352436
204801-204812;brgu;janm;2048;Win;3.061712837
204901-204912;brgu;janm;2049;Win;2.871619797
205001-205012;brgu;janm;2050;Win;3.359697914
198001-198012;brgu;kong;1980;Win;1.489745097
198101-198112;brgu;kong;1981;Win;0.362763572
198201-198212;brgu;kong;1982;Win;0.313887117
198301-198312;brgu;kong;1983;Win;0.751587412
198401-198412;brgu;kong;1984;Win;1.364564732
198501-198512;brgu;kong;1985;Win;1.779318798
198601-198612;brgu;kong;1986;Win;1.180474729
198701-198712;brgu;kong;1987;Win;1.425661671
198801-198812;brgu;kong;1988;Win;0.86587512
198901-198912;brgu;kong;1989;Win;0.191656868
199001-199012;brgu;kong;1990;Win;1.034479133
199101-199112;brgu;kong;1991;Win;1.375340302
199201-199212;brgu;kong;1992;Win;0.596298529
199301-199312;brgu;kong;1993;Win;1.850781748
199401-199412;brgu;kong;1994;Win;1.267444097
199501-199512;brgu;kong;1995;Win;0.76894033
199601-199612;brgu;kong;1996;Win;0.739787448
199701-199712;brgu;kong;1997;Win;2.427476283
199801-199812;brgu;kong;1998;Win;2.188909538
199901-199912;brgu;kong;1999;Win;1.353818559
200001-200012;brgu;kong;2000;Win;1.866352439
200101-200112;brgu;kong;2001;Win;2.080247529
200201-200212;brgu;kong;2002;Win;2.924567522
200301-200312;brgu;kong;2003;Win;3.445106724
200401-200412;brgu;kong;2004;Win;3.209758151
200501-200512;brgu;kong;2005;Win;2.072028958
200601-200612;brgu;kong;2006;Win;2.372754903
200701-200712;brgu;kong;2007;Win;1.852087651
200801-200812;brgu;kong;2008;Win;2.135512496
200901-200912;brgu;kong;2009;Win;2.507733777
201001-201012;brgu;kong;2010;Win;3.291182537
201101-201112;brgu;kong;2011;Win;1.745213847
201201-201212;brgu;kong;2012;Win;2.654061703
201301-201312;brgu;kong;2013;Win;2.330248027
201401-201412;brgu;kong;2014;Win;3.120066865
201501-201512;brgu;kong;2015;Win;2.154211177
201601-201612;brgu;kong;2016;Win;3.073897381
201701-201712;brgu;kong;2017;Win;2.152300901
201801-201812;brgu;kong;2018;Win;1.825377172
201901-201912;brgu;kong;2019;Win;2.193612982
202001-202012;brgu;kong;2020;Win;2.742816785
202101-202112;brgu;kong;2021;Win;3.19113072
202201-202212;brgu;kong;2022;Win;2.622445492
202301-202312;brgu;kong;2023;Win;3.034303751
202401-202412;brgu;kong;2024;Win;2.677801638
202501-202512;brgu;kong;2025;Win;2.209716797
202601-202612;brgu;kong;2026;Win;2.494251236
202701-202712;brgu;kong;2027;Win;2.889627013
202801-202812;brgu;kong;2028;Win;2.326408044
202901-202912;brgu;kong;2029;Win;3.12185806
203001-203012;brgu;kong;2030;Win;2.735718272
203101-203112;brgu;kong;2031;Win;2.618479951
203201-203212;brgu;kong;2032;Win;2.684084522
203301-203312;brgu;kong;2033;Win;3.470326949
203401-203412;brgu;kong;2034;Win;3.244829699
203501-203512;brgu;kong;2035;Win;2.35814782
203601-203612;brgu;kong;2036;Win;2.625665159
203701-203712;brgu;kong;2037;Win;2.870889469
203801-203812;brgu;kong;2038;Win;3.373667191
203901-203912;brgu;kong;2039;Win;4.115139708
204001-204012;brgu;kong;2040;Win;3.687281768
204101-204112;brgu;kong;2041;Win;2.671575056
204201-204212;brgu;kong;2042;Win;2.625989019
204301-204312;brgu;kong;2043;Win;2.53675562
204401-204412;brgu;kong;2044;Win;2.62089196
204501-204512;brgu;kong;2045;Win;3.155426897
204601-204612;brgu;kong;2046;Win;4.00762217
204701-204712;brgu;kong;2047;Win;2.690211954
204801-204812;brgu;kong;2048;Win;3.455483697
204901-204912;brgu;kong;2049;Win;3.28377561
205001-205012;brgu;kong;2050;Win;3.796325933
198001-198012;cogu;hjel;1980;Win;3.284484088
198101-198112;cogu;hjel;1981;Win;3.430662319
198201-198212;cogu;hjel;1982;Win;3.77501492
198301-198312;cogu;hjel;1983;Win;3.491273135
198401-198412;cogu;hjel;1984;Win;4.025057547
198501-198512;cogu;hjel;1985;Win;3.350463092
198601-198612;cogu;hjel;1986;Win;3.772734336
198701-198712;cogu;hjel;1987;Win;3.334984383
198801-198812;cogu;hjel;1988;Win;3.014862739
198901-198912;cogu;hjel;1989;Win;3.748379371
199001-199012;cogu;hjel;1990;Win;3.959895252
199101-199112;cogu;hjel;1991;Win;4.021877906
199201-199212;cogu;hjel;1992;Win;4.147417535
199301-199312;cogu;hjel;1993;Win;3.513420178
199401-199412;cogu;hjel;1994;Win;3.749479942
199501-199512;cogu;hjel;1995;Win;3.852866715
199601-199612;cogu;hjel;1996;Win;3.860783846
199701-199712;cogu;hjel;1997;Win;3.949740165
199801-199812;cogu;hjel;1998;Win;3.805142067
199901-199912;cogu;hjel;1999;Win;5.000008913
200001-200012;cogu;hjel;2000;Win;4.984112646
200101-200112;cogu;hjel;2001;Win;3.910747419
200201-200212;cogu;hjel;2002;Win;4.428761509
200301-200312;cogu;hjel;2003;Win;4.247774833
200401-200412;cogu;hjel;2004;Win;4.309235297
200501-200512;cogu;hjel;2005;Win;5.158884394
200601-200612;cogu;hjel;2006;Win;4.667583357
200701-200712;cogu;hjel;2007;Win;5.459254867
200801-200812;cogu;hjel;2008;Win;4.78860929
200901-200912;cogu;hjel;2009;Win;5.053249008
201001-201012;cogu;hjel;2010;Win;4.510596091
201101-201112;cogu;hjel;2011;Win;5.305972338
201201-201212;cogu;hjel;2012;Win;5.244443088
201301-201312;cogu;hjel;2013;Win;5.425720409
201401-201412;cogu;hjel;2014;Win;4.686914063
201501-201512;cogu;hjel;2015;Win;5.784318421
201601-201612;cogu;hjel;2016;Win;4.731639269
201701-201712;cogu;hjel;2017;Win;4.946714565
201801-201812;cogu;hjel;2018;Win;5.358839441
201901-201912;cogu;hjel;2019;Win;5.043344843
202001-202012;cogu;hjel;2020;Win;5.772881596
202101-202112;cogu;hjel;2021;Win;5.160342456
202201-202212;cogu;hjel;2022;Win;5.596808733
202301-202312;cogu;hjel;2023;Win;5.252056013
202401-202412;cogu;hjel;2024;Win;4.955810741
202501-202512;cogu;hjel;2025;Win;5.799869792
202601-202612;cogu;hjel;2026;Win;5.994553533
202701-202712;cogu;hjel;2027;Win;6.013449242
202801-202812;cogu;hjel;2028;Win;6.0427684
202901-202912;cogu;hjel;2029;Win;5.246592882
203001-203012;cogu;hjel;2030;Win;5.465286691
203101-203112;cogu;hjel;2031;Win;5.429074436
203201-203212;cogu;hjel;2032;Win;5.300559586
203301-203312;cogu;hjel;2033;Win;5.380654181
203401-203412;cogu;hjel;2034;Win;5.169290403
203501-203512;cogu;hjel;2035;Win;6.333877999
203601-203612;cogu;hjel;2036;Win;6.319048394
203701-203712;cogu;hjel;2037;Win;5.214461263
203801-203812;cogu;hjel;2038;Win;5.704788644
203901-203912;cogu;hjel;2039;Win;5.374264865
204001-204012;cogu;hjel;2040;Win;5.551397608
204101-204112;cogu;hjel;2041;Win;6.487423076
204201-204212;cogu;hjel;2042;Win;6.017757549
204301-204312;cogu;hjel;2043;Win;6.812240552
204401-204412;cogu;hjel;2044;Win;6.072381107
204501-204512;cogu;hjel;2045;Win;6.325810702
204601-204612;cogu;hjel;2046;Win;5.845438833
204701-204712;cogu;hjel;2047;Win;6.587427727
204801-204812;cogu;hjel;2048;Win;6.654123651
204901-204912;cogu;hjel;2049;Win;6.845245071
205001-205012;cogu;hjel;2050;Win;6.10160629
198001-198012;cogu;horn;1980;Win;2.396780494
198101-198112;cogu;horn;1981;Win;2.656562854
198201-198212;cogu;horn;1982;Win;2.88963249
198301-198312;cogu;horn;1983;Win;2.714806144
198401-198412;cogu;horn;1984;Win;3.178382923
198501-198512;cogu;horn;1985;Win;2.516312925
198601-198612;cogu;horn;1986;Win;2.963829582
198701-198712;cogu;horn;1987;Win;2.662985328
198801-198812;cogu;horn;1988;Win;2.336866613
198901-198912;cogu;horn;1989;Win;3.165460205
199001-199012;cogu;horn;1990;Win;3.156131671
199101-199112;cogu;horn;1991;Win;3.32484564
199201-199212;cogu;horn;1992;Win;3.565008151
199301-199312;cogu;horn;1993;Win;2.591615542
199401-199412;cogu;horn;1994;Win;3.069220561
199501-199512;cogu;horn;1995;Win;3.238912078
199601-199612;cogu;horn;1996;Win;3.092393248
199701-199712;cogu;horn;1997;Win;3.354364998
199801-199812;cogu;horn;1998;Win;2.41833378
199901-199912;cogu;horn;1999;Win;4.332096026
200001-200012;cogu;horn;2000;Win;4.457625654
200101-200112;cogu;horn;2001;Win;3.212139302
200201-200212;cogu;horn;2002;Win;3.696737769
200301-200312;cogu;horn;2003;Win;3.549632214
200401-200412;cogu;horn;2004;Win;3.658397847
200501-200512;cogu;horn;2005;Win;4.415263317
200601-200612;cogu;horn;2006;Win;3.968534211
200701-200712;cogu;horn;2007;Win;4.855711709
200801-200812;cogu;horn;2008;Win;4.255793221
200901-200912;cogu;horn;2009;Win;4.201297686
201001-201012;cogu;horn;2010;Win;3.923448919
201101-201112;cogu;horn;2011;Win;4.580256111
201201-201212;cogu;horn;2012;Win;4.558145634
201301-201312;cogu;horn;2013;Win;4.743185523
201401-201412;cogu;horn;2014;Win;3.750776525
201501-201512;cogu;horn;2015;Win;4.968394421
201601-201612;cogu;horn;2016;Win;3.968666126
201701-201712;cogu;horn;2017;Win;4.266108162
201801-201812;cogu;horn;2018;Win;4.588277312
201901-201912;cogu;horn;2019;Win;4.393792725
202001-202012;cogu;horn;2020;Win;5.021431018
202101-202112;cogu;horn;2021;Win;4.45995385
202201-202212;cogu;horn;2022;Win;4.86879489
202301-202312;cogu;horn;2023;Win;4.653762128
202401-202412;cogu;horn;2024;Win;4.349423119
202501-202512;cogu;horn;2025;Win;5.285573455
202601-202612;cogu;horn;2026;Win;5.26570848
202701-202712;cogu;horn;2027;Win;5.395394405
202801-202812;cogu;horn;2028;Win;5.520011459
202901-202912;cogu;horn;2029;Win;4.40548391
203001-203012;cogu;horn;2030;Win;4.957192501
203101-203112;cogu;horn;2031;Win;4.954683168
203201-203212;cogu;horn;2032;Win;4.615136719
203301-203312;cogu;horn;2033;Win;4.89032455
203401-203412;cogu;horn;2034;Win;3.982772138
203501-203512;cogu;horn;2035;Win;5.729906439
203601-203612;cogu;horn;2036;Win;5.900107894
203701-203712;cogu;horn;2037;Win;4.64863616
203801-203812;cogu;horn;2038;Win;5.097330204
203901-203912;cogu;horn;2039;Win;4.744758655
204001-204012;cogu;horn;2040;Win;4.965551364
204101-204112;cogu;horn;2041;Win;5.844696832
204201-204212;cogu;horn;2042;Win;5.459219459
204301-204312;cogu;horn;2043;Win;6.347966151
204401-204412;cogu;horn;2044;Win;5.675387278
204501-204512;cogu;horn;2045;Win;5.618100862
204601-204612;cogu;horn;2046;Win;5.434575038
204701-204712;cogu;horn;2047;Win;6.058307082
204801-204812;cogu;horn;2048;Win;6.201156912
204901-204912;cogu;horn;2049;Win;6.415157983
205001-205012;cogu;horn;2050;Win;5.414815398
198001-198012;cogu;janm;1980;Win;2.696391751
198101-198112;cogu;janm;1981;Win;2.27132382
198201-198212;cogu;janm;1982;Win;3.038746329
198301-198312;cogu;janm;1983;Win;2.921426508
198401-198412;cogu;janm;1984;Win;3.688387759
198501-198512;cogu;janm;1985;Win;3.054424676
198601-198612;cogu;janm;1986;Win;3.456907269
198701-198712;cogu;janm;1987;Win;2.946089137
198801-198812;cogu;janm;1988;Win;2.286943229
198901-198912;cogu;janm;1989;Win;2.555999942
199001-199012;cogu;janm;1990;Win;3.521734992
199101-199112;cogu;janm;1991;Win;3.407461105
199201-199212;cogu;janm;1992;Win;3.42529036
199301-199312;cogu;janm;1993;Win;3.491822873
199401-199412;cogu;janm;1994;Win;3.047537022
199501-199512;cogu;janm;1995;Win;2.663114778
199601-199612;cogu;janm;1996;Win;2.422484606
199701-199712;cogu;janm;1997;Win;3.50361617
199801-199812;cogu;janm;1998;Win;3.437591506
199901-199912;cogu;janm;1999;Win;3.757768657
200001-200012;cogu;janm;2000;Win;4.159902279
200101-200112;cogu;janm;2001;Win;3.49682333
200201-200212;cogu;janm;2002;Win;4.504792378
200301-200312;cogu;janm;2003;Win;4.178253593
200401-200412;cogu;janm;2004;Win;4.159431935
200501-200512;cogu;janm;2005;Win;3.796990268
200601-200612;cogu;janm;2006;Win;4.131955166
200701-200712;cogu;janm;2007;Win;3.967781777
200801-200812;cogu;janm;2008;Win;4.272834091
200901-200912;cogu;janm;2009;Win;4.479934762
201001-201012;cogu;janm;2010;Win;4.266861498
201101-201112;cogu;janm;2011;Win;4.427617383
201201-201212;cogu;janm;2012;Win;4.224912175
201301-201312;cogu;janm;2013;Win;4.264604828
201401-201412;cogu;janm;2014;Win;4.888472183
201501-201512;cogu;janm;2015;Win;4.944657607
201601-201612;cogu;janm;2016;Win;4.097602157
201701-201712;cogu;janm;2017;Win;3.814910609
201801-201812;cogu;janm;2018;Win;4.389333431
201901-201912;cogu;janm;2019;Win;4.254302233
202001-202012;cogu;janm;2020;Win;5.172456418
202101-202112;cogu;janm;2021;Win;4.789665583
202201-202212;cogu;janm;2022;Win;4.976718536
202301-202312;cogu;janm;2023;Win;4.793415984
202401-202412;cogu;janm;2024;Win;4.253655773
202501-202512;cogu;janm;2025;Win;4.681615186
202601-202612;cogu;janm;2026;Win;5.133914581
202701-202712;cogu;janm;2027;Win;5.047128878
202801-202812;cogu;janm;2028;Win;5.060897198
202901-202912;cogu;janm;2029;Win;4.862288101
203001-203012;cogu;janm;2030;Win;4.635537836
203101-203112;cogu;janm;2031;Win;4.576686667
203201-203212;cogu;janm;2032;Win;4.292092779
203301-203312;cogu;janm;2033;Win;4.892354438
203401-203412;cogu;janm;2034;Win;4.698575971
203501-203512;cogu;janm;2035;Win;4.966116589
203601-203612;cogu;janm;2036;Win;5.262575991
203701-203712;cogu;janm;2037;Win;4.686069122
203801-203812;cogu;janm;2038;Win;5.404727336
203901-203912;cogu;janm;2039;Win;5.1608008
204001-204012;cogu;janm;2040;Win;5.058584385
204101-204112;cogu;janm;2041;Win;4.914022617
204201-204212;cogu;janm;2042;Win;5.03928656
204301-204312;cogu;janm;2043;Win;5.162230933
204401-204412;cogu;janm;2044;Win;5.180371187
204501-204512;cogu;janm;2045;Win;5.488055467
204601-204612;cogu;janm;2046;Win;5.308721831
204701-204712;cogu;janm;2047;Win;5.385483324
204801-204812;cogu;janm;2048;Win;5.218599695
204901-204912;cogu;janm;2049;Win;5.420216754
205001-205012;cogu;janm;2050;Win;5.847889628
198001-198012;cogu;skli;1980;Win;6.111673285
198101-198112;cogu;skli;1981;Win;6.480191725
198201-198212;cogu;skli;1982;Win;6.999685607
198301-198312;cogu;skli;1983;Win;6.352850591
198401-198412;cogu;skli;1984;Win;6.868939583
198501-198512;cogu;skli;1985;Win;6.350686334
198601-198612;cogu;skli;1986;Win;6.715731376
198701-198712;cogu;skli;1987;Win;6.817247788
198801-198812;cogu;skli;1988;Win;6.515366659
198901-198912;cogu;skli;1989;Win;6.814623899
199001-199012;cogu;skli;1990;Win;7.000428616
199101-199112;cogu;skli;1991;Win;6.996548524
199201-199212;cogu;skli;1992;Win;7.039816222
199301-199312;cogu;skli;1993;Win;6.754024708
199401-199412;cogu;skli;1994;Win;6.836858757
199501-199512;cogu;skli;1995;Win;6.727627626
199601-199612;cogu;skli;1996;Win;6.87714196
199701-199712;cogu;skli;1997;Win;7.066591348
199801-199812;cogu;skli;1998;Win;7.077978142
199901-199912;cogu;skli;1999;Win;7.527355085
200001-200012;cogu;skli;2000;Win;8.035665831
200101-200112;cogu;skli;2001;Win;6.883852091
200201-200212;cogu;skli;2002;Win;7.097670076
200301-200312;cogu;skli;2003;Win;7.485775819
200401-200412;cogu;skli;2004;Win;7.547250055
200501-200512;cogu;skli;2005;Win;7.735404003
200601-200612;cogu;skli;2006;Win;7.731520174
200701-200712;cogu;skli;2007;Win;7.645987499
200801-200812;cogu;skli;2008;Win;7.706900585
200901-200912;cogu;skli;2009;Win;8.078420335
201001-201012;cogu;skli;2010;Win;7.351620546
201101-201112;cogu;skli;2011;Win;8.166658487
201201-201212;cogu;skli;2012;Win;7.558381497
201301-201312;cogu;skli;2013;Win;8.025151591
201401-201412;cogu;skli;2014;Win;7.928594597
201501-201512;cogu;skli;2015;Win;8.231866455
201601-201612;cogu;skli;2016;Win;7.190667102
201701-201712;cogu;skli;2017;Win;7.683892822
201801-201812;cogu;skli;2018;Win;8.286606894
201901-201912;cogu;skli;2019;Win;7.582401945
202001-202012;cogu;skli;2020;Win;8.178865518
202101-202112;cogu;skli;2021;Win;7.669712736
202201-202212;cogu;skli;2022;Win;8.058908392
202301-202312;cogu;skli;2023;Win;8.202045176
202401-202412;cogu;skli;2024;Win;7.878642927
202501-202512;cogu;skli;2025;Win;8.201094771
202601-202612;cogu;skli;2026;Win;8.344092669
202701-202712;cogu;skli;2027;Win;8.290033582
202801-202812;cogu;skli;2028;Win;8.294235665
202901-202912;cogu;skli;2029;Win;7.931607741
203001-203012;cogu;skli;2030;Win;7.952457475
203101-203112;cogu;skli;2031;Win;7.74264352
203201-203212;cogu;skli;2032;Win;7.78121151
203301-203312;cogu;skli;2033;Win;7.947550373
203401-203412;cogu;skli;2034;Win;7.902110322
203501-203512;cogu;skli;2035;Win;8.267828618
203601-203612;cogu;skli;2036;Win;8.712636021
203701-203712;cogu;skli;2037;Win;7.553603939
203801-203812;cogu;skli;2038;Win;7.719709871
203901-203912;cogu;skli;2039;Win;8.086572266
204001-204012;cogu;skli;2040;Win;8.200028525
204101-204112;cogu;skli;2041;Win;8.445514414
204201-204212;cogu;skli;2042;Win;8.452298659
204301-204312;cogu;skli;2043;Win;8.340626744
204401-204412;cogu;skli;2044;Win;8.398643774
204501-204512;cogu;skli;2045;Win;8.765884213
204601-204612;cogu;skli;2046;Win;8.009980618
204701-204712;cogu;skli;2047;Win;8.828128239
204801-204812;cogu;skli;2048;Win;8.229057592
204901-204912;cogu;skli;2049;Win;8.734054379
205001-205012;cogu;skli;2050;Win;8.673815171
198001-198012;liau;bjor;1980;Win;0.317648937
198101-198112;liau;bjor;1981;Win;-0.019530332
198201-198212;liau;bjor;1982;Win;1.230374335
198301-198312;liau;bjor;1983;Win;1.020434732
198401-198412;liau;bjor;1984;Win;2.216288177
198501-198512;liau;bjor;1985;Win;0.660435337
198601-198612;liau;bjor;1986;Win;2.243382385
198701-198712;liau;bjor;1987;Win;-0.978983003
198801-198812;liau;bjor;1988;Win;-1.365830305
198901-198912;liau;bjor;1989;Win;-0.406898053
199001-199012;liau;bjor;1990;Win;1.873011064
199101-199112;liau;bjor;1991;Win;1.542724987
199201-199212;liau;bjor;1992;Win;2.09190366
199301-199312;liau;bjor;1993;Win;2.234751311
199401-199412;liau;bjor;1994;Win;1.274341252
199501-199512;liau;bjor;1995;Win;0.43863439
199601-199612;liau;bjor;1996;Win;-0.550137572
199701-199712;liau;bjor;1997;Win;0.542461942
199801-199812;liau;bjor;1998;Win;1.877940328
199901-199912;liau;bjor;1999;Win;1.890964582
200001-200012;liau;bjor;2000;Win;2.028163241
200101-200112;liau;bjor;2001;Win;1.804843167
200201-200212;liau;bjor;2002;Win;2.872859016
200301-200312;liau;bjor;2003;Win;2.61852552
200401-200412;liau;bjor;2004;Win;2.515219467
200501-200512;liau;bjor;2005;Win;1.761348596
200601-200612;liau;bjor;2006;Win;2.572034826
200701-200712;liau;bjor;2007;Win;1.582486421
200801-200812;liau;bjor;2008;Win;2.432810664
200901-200912;liau;bjor;2009;Win;2.59118177
201001-201012;liau;bjor;2010;Win;2.330647264
201101-201112;liau;bjor;2011;Win;2.899043909
201201-201212;liau;bjor;2012;Win;2.459645337
201301-201312;liau;bjor;2013;Win;2.079686366
201401-201412;liau;bjor;2014;Win;3.466671402
201501-201512;liau;bjor;2015;Win;3.390123864
201601-201612;liau;bjor;2016;Win;2.137364588
201701-201712;liau;bjor;2017;Win;1.893627984
201801-201812;liau;bjor;2018;Win;2.567916573
201901-201912;liau;bjor;2019;Win;2.469009372
202001-202012;liau;bjor;2020;Win;3.577778072
202101-202112;liau;bjor;2021;Win;2.847115414
202201-202212;liau;bjor;2022;Win;3.62416263
202301-202312;liau;bjor;2023;Win;2.82241346
202401-202412;liau;bjor;2024;Win;2.062437993
202501-202512;liau;bjor;2025;Win;2.92329296
202601-202612;liau;bjor;2026;Win;3.366219418
202701-202712;liau;bjor;2027;Win;3.226426224
202801-202812;liau;bjor;2028;Win;3.422117358
202901-202912;liau;bjor;2029;Win;3.416505365
203001-203012;liau;bjor;2030;Win;2.821552486
203101-203112;liau;bjor;2031;Win;2.69254199
203201-203212;liau;bjor;2032;Win;2.107192966
203301-203312;liau;bjor;2033;Win;2.61675388
203401-203412;liau;bjor;2034;Win;3.150278655
203501-203512;liau;bjor;2035;Win;3.084207288
203601-203612;liau;bjor;2036;Win;3.312699418
203701-203712;liau;bjor;2037;Win;2.976750305
203801-203812;liau;bjor;2038;Win;3.737261315
203901-203912;liau;bjor;2039;Win;3.521574685
204001-204012;liau;bjor;2040;Win;3.332990096
204101-204112;liau;bjor;2041;Win;2.968731743
204201-204212;liau;bjor;2042;Win;3.422894341
204301-204312;liau;bjor;2043;Win;3.068505049
204401-204412;liau;bjor;2044;Win;3.382772098
204501-204512;liau;bjor;2045;Win;3.725206601
204601-204612;liau;bjor;2046;Win;3.566341272
204701-204712;liau;bjor;2047;Win;3.729936016
204801-204812;liau;bjor;2048;Win;3.45575178
204901-204912;liau;bjor;2049;Win;3.497176287
205001-205012;liau;bjor;2050;Win;4.43774938
198001-198012;liau;isfj;1980;Win;0.37723986
198101-198112;liau;isfj;1981;Win;-0.053618418
198201-198212;liau;isfj;1982;Win;1.019038525
198301-198312;liau;isfj;1983;Win;0.949117919
198401-198412;liau;isfj;1984;Win;1.952807155
198501-198512;liau;isfj;1985;Win;0.506470765
198601-198612;liau;isfj;1986;Win;1.877620212
198701-198712;liau;isfj;1987;Win;-1.443473192
198801-198812;liau;isfj;1988;Win;-1.803648431
198901-198912;liau;isfj;1989;Win;-0.437235197
199001-199012;liau;isfj;1990;Win;1.690626385
199101-199112;liau;isfj;1991;Win;1.396939065
199201-199212;liau;isfj;1992;Win;1.881922108
199301-199312;liau;isfj;1993;Win;2.069858733
199401-199412;liau;isfj;1994;Win;1.212253031
199501-199512;liau;isfj;1995;Win;0.555452128
199601-199612;liau;isfj;1996;Win;-0.847401836
199701-199712;liau;isfj;1997;Win;0.143460783
199801-199812;liau;isfj;1998;Win;1.643649804
199901-199912;liau;isfj;1999;Win;1.764189188
200001-200012;liau;isfj;2000;Win;1.928941111
200101-200112;liau;isfj;2001;Win;1.477213715
200201-200212;liau;isfj;2002;Win;2.554394185
200301-200312;liau;isfj;2003;Win;2.269987672
200401-200412;liau;isfj;2004;Win;2.110702075
200501-200512;liau;isfj;2005;Win;1.589660385
200601-200612;liau;isfj;2006;Win;2.308607775
200701-200712;liau;isfj;2007;Win;1.432308578
200801-200812;liau;isfj;2008;Win;2.10611477
200901-200912;liau;isfj;2009;Win;2.283531128
201001-201012;liau;isfj;2010;Win;2.013759489
201101-201112;liau;isfj;2011;Win;2.541635384
201201-201212;liau;isfj;2012;Win;2.32500733
201301-201312;liau;isfj;2013;Win;2.013572487
201401-201412;liau;isfj;2014;Win;3.198647819
201501-201512;liau;isfj;2015;Win;3.096852721
201601-201612;liau;isfj;2016;Win;1.985502953
201701-201712;liau;isfj;2017;Win;1.736547909
201801-201812;liau;isfj;2018;Win;2.189473499
201901-201912;liau;isfj;2019;Win;2.250530299
202001-202012;liau;isfj;2020;Win;3.142385525
202101-202112;liau;isfj;2021;Win;2.529983874
202201-202212;liau;isfj;2022;Win;3.230449588
202301-202312;liau;isfj;2023;Win;2.471534992
202401-202412;liau;isfj;2024;Win;1.719722984
202501-202512;liau;isfj;2025;Win;2.651048189
202601-202612;liau;isfj;2026;Win;3.006351581
202701-202712;liau;isfj;2027;Win;2.817816436
202801-202812;liau;isfj;2028;Win;2.998049934
202901-202912;liau;isfj;2029;Win;3.050120281
203001-203012;liau;isfj;2030;Win;2.376691265
203101-203112;liau;isfj;2031;Win;2.299738775
203201-203212;liau;isfj;2032;Win;1.483640731
203301-203312;liau;isfj;2033;Win;2.055811124
203401-203412;liau;isfj;2034;Win;2.714155366
203501-203512;liau;isfj;2035;Win;2.703421547
203601-203612;liau;isfj;2036;Win;3.019683506
203701-203712;liau;isfj;2037;Win;2.472212006
203801-203812;liau;isfj;2038;Win;3.257898094
203901-203912;liau;isfj;2039;Win;2.9861488
204001-204012;liau;isfj;2040;Win;2.821657755
204101-204112;liau;isfj;2041;Win;2.566716649
204201-204212;liau;isfj;2042;Win;3.080998587
204301-204312;liau;isfj;2043;Win;2.649976971
204401-204412;liau;isfj;2044;Win;2.979475046
204501-204512;liau;isfj;2045;Win;3.275605792
204601-204612;liau;isfj;2046;Win;3.029419696
204701-204712;liau;isfj;2047;Win;3.304740484
204801-204812;liau;isfj;2048;Win;3.158252069
204901-204912;liau;isfj;2049;Win;3.113861185
205001-205012;liau;isfj;2050;Win;4.011261232
198001-198012;liau;kong;1980;Win;0.556143188
198101-198112;liau;kong;1981;Win;0.714316406
198201-198212;liau;kong;1982;Win;-3.230621338
198301-198312;liau;kong;1983;Win;-3.864976807
198401-198412;liau;kong;1984;Win;-1.577454224
198501-198512;liau;kong;1985;Win;1.005353394
198601-198612;liau;kong;1986;Win;-2.525125122
198701-198712;liau;kong;1987;Win;0.770588989
198801-198812;liau;kong;1988;Win;-0.219768677
198901-198912;liau;kong;1989;Win;-1.431400146
199001-199012;liau;kong;1990;Win;-1.915412598
199101-199112;liau;kong;1991;Win;-0.933240356
199201-199212;liau;kong;1992;Win;-3.467016602
199301-199312;liau;kong;1993;Win;-2.469421387
199401-199412;liau;kong;1994;Win;-0.512061768
199501-199512;liau;kong;1995;Win;0.262303467
199601-199612;liau;kong;1996;Win;0.118681641
199701-199712;liau;kong;1997;Win;1.005900879
199801-199812;liau;kong;1998;Win;1.05597168
199901-199912;liau;kong;1999;Win;-0.575405273
200001-200012;liau;kong;2000;Win;0.2637854
200101-200112;liau;kong;2001;Win;1.14833374
200201-200212;liau;kong;2002;Win;0.711912231
200301-200312;liau;kong;2003;Win;2.533868408
200401-200412;liau;kong;2004;Win;1.486210938
200501-200512;liau;kong;2005;Win;1.450733643
200601-200612;liau;kong;2006;Win;1.79112854
200701-200712;liau;kong;2007;Win;-0.570635376
200801-200812;liau;kong;2008;Win;-0.189706421
200901-200912;liau;kong;2009;Win;0.836514282
201001-201012;liau;kong;2010;Win;3.169925537
201101-201112;liau;kong;2011;Win;0.563487549
201201-201212;liau;kong;2012;Win;1.202197876
201301-201312;liau;kong;2013;Win;0.743514404
201401-201412;liau;kong;2014;Win;1.219564209
201501-201512;liau;kong;2015;Win;-1.390393677
201601-201612;liau;kong;2016;Win;2.42093811
201701-201712;liau;kong;2017;Win;1.918833008
201801-201812;liau;kong;2018;Win;0.245096436
201901-201912;liau;kong;2019;Win;0.123022461
202001-202012;liau;kong;2020;Win;0.703428345
202101-202112;liau;kong;2021;Win;2.097324219
202201-202212;liau;kong;2022;Win;0.675822144
202301-202312;liau;kong;2023;Win;1.863967896
202401-202412;liau;kong;2024;Win;1.902762451
202501-202512;liau;kong;2025;Win;1.4806427
202601-202612;liau;kong;2026;Win;1.213890381
202701-202712;liau;kong;2027;Win;1.797571411
202801-202812;liau;kong;2028;Win;1.133777466
202901-202912;liau;kong;2029;Win;1.487451782
203001-203012;liau;kong;2030;Win;2.005887451
203101-203112;liau;kong;2031;Win;1.990292969
203201-203212;liau;kong;2032;Win;2.017369995
203301-203312;liau;kong;2033;Win;2.56772522
203401-203412;liau;kong;2034;Win;2.404710693
203501-203512;liau;kong;2035;Win;1.301066895
203601-203612;liau;kong;2036;Win;1.684243774
203701-203712;liau;kong;2037;Win;2.299978638
203801-203812;liau;kong;2038;Win;1.796207886
203901-203912;liau;kong;2039;Win;3.307643433
204001-204012;liau;kong;2040;Win;2.806312866
204101-204112;liau;kong;2041;Win;2.212155151
204201-204212;liau;kong;2042;Win;2.232249146
204301-204312;liau;kong;2043;Win;1.069391479
204401-204412;liau;kong;2044;Win;1.428270874
204501-204512;liau;kong;2045;Win;1.893565063
204601-204612;liau;kong;2046;Win;3.62072998
204701-204712;liau;kong;2047;Win;1.931467896
204801-204812;liau;kong;2048;Win;2.591450195
204901-204912;liau;kong;2049;Win;2.529256592
205001-205012;liau;kong;2050;Win;2.520963745
